Peptide,Immunogenicity,MHC,Dataset
MSTNPKPQK,Positive,A11,HCV
STNPKPQK,Positive,A11,HCV
STNPKPQKK,Positive,A11,HCV
GVYLLPRRGPRLGVR,Positive,,HCV
YLLPRRGPRL,Positive,A2,HCV
YLLPTTGPRL,Positive,A2,HCV
LLPRRGPRL,Positive,A2,HCV
GPRLGVRAT,Positive,,HCV
GPRLGVRAT,Positive,B7,HCV
GPRLGFRAT,Positive,B7,HCV
RLGVRATRK,Positive,A3,HCV
KTSERSQPR,Positive,A3,HCV
PLYGNEGCGWAGWLL,Positive,,HCV
NEGLGWAGW,Positive,B44,HCV
NEGCGWAGW,Positive,B44,HCV
NEGCGWMGW,Positive,B44,HCV
ADLMGYIPLV,Positive,A2,HCV
DPRRRSRNL,Positive,B7,HCV
GFADLMGYIPLVGAP,Positive,,HCV
ADLMGYIPLV,Positive,A2,HCV
DLMGYIPLV,Positive,A2,HCV
LPGCSFSIF,Positive,B7,HCV
LLALLSCLTV,Positive,A*0201,HCV
LLALLSCLTV,Positive,A2,HCV
CPNSSIVY,Positive,B35,HCV
ILHTPGCV,Positive,A2,HCV
NASRCWVAM,Positive,B35,HCV
QLRRHIDLLV,Positive,A2,HCV
QLRRIDLLV,Positive,A2,HCV
VFLVSQLFTF,Positive,,HCV
QLFTFSPRR,Positive,A3,HCV
SIYPGHITGH,Positive,,HCV
WDMMMNWSPTAALVV,Positive,,HCV
MMMNWSPTT,Positive,,HCV
LVMAQLLRI,Positive,A2,HCV
SMVGNWAKV,Positive,A2,HCV
SMVGNWAKVL,Positive,A2,HCV
SLLAPGAKQNV,Positive,A2,HCV
CRPLTDFDQGW,Positive,B53,HCV
DFAQGWGPISYANGS,Positive,,HCV
YPPKPCGI,Positive,B51,HCV
GTTDKSGAPT,Positive,,HCV
TTDKSGAPTYSWGE,Positive,,HCV
GENDTDVFVL,Positive,B60,HCV
VFVLNNTRPPLGNWF,Positive,,HCV
NTRPPLGNWF,Positive,B57,HCV
CVIGGAGNNT,Positive,B50,HCV
HYSYRLWHY,Positive,,HCV
DYPYRLWHY,Positive,Cw7,HCV
YRLWHYPCTI,Positive,Cw7,HCV
RLWHYPCTV,Positive,,HCV
TINYTIFK,Positive,A11,HCV
RMYVGGVEHR,Positive,A3,HCV
LEDRDRSEL,Positive,B60,HCV
WAIKWEYVVLLFLLL,Positive,,HCV
EYVLLLFLL,Positive,A*2402,HCV
FFCFAWYLKGRWVPG,Positive,,HCV
KWVPGAVYTFYGMWPLLLLL,Positive,,HCV
FYGMWPLL,Positive,Cw7,HCV
FYGMWPLLL,Positive,A29,HCV
LYGVWPLLL,Positive,Cw*0801?,HCV
MALTLSPY,Positive,A29,HCV
LSPYYKRYIS,Positive,A25,HCV
LSPYYKRYISW,Positive,A25,HCV
LSPYYKRYISWCLWWLQYFL,Positive,,HCV
YISWCLWWL,Positive,A23,HCV
LTRVEAQLHVWVPPL,Positive,,HCV
DAVILLMCAVHPTLVFDITK,Positive,,HCV
HPALVFDITK,Positive,,HCV
PYFVRAQGLI,Positive,Cw*0303,HCV
PYFVRAQGLI,Positive,Cw*0304,HCV
LGALTGTYVYNHLTPLRDWA,Positive,,HCV
TYVYDHLTPL,Positive,B*4002,HCV
TYVYDHLTPL,Positive,B*4006,HCV
TPLRDWAHNGLRDLA,Positive,,HCV
RDWAHNSL,Positive,,HCV
RDWAHNGL,Positive,B37,HCV
INGLPVSARRGQEILL,Positive,,HCV
AYSQQTRGL,Positive,A24,HCV
VEGEVQIVSTAAQTF,Positive,,HCV
QTFLATCINGVCWTV,Positive,,HCV
ATCINGVCWTVYHGAGTRTI,Positive,,HCV
CINGVCWTV,Positive,,HCV
KLVALGINAV,Positive,,HCV
CINGVCWTV,Positive,A2,HCV
CVNGVCWTV,Positive,A2,HCV
CINGVWCTV,Positive,A2,HCV
AGTRTIASPKGPVIQM,Positive,,HCV
TRTIASPKGPVIQMY,Positive,,HCV
DLVGWPAPQGSRSLT,Positive,,HCV
RRRGDSRGSLLSPRP,Positive,,HCV
LLCPAGHAV,Positive,A2,HCV
CPAGHAVGIFRAAVCTRGVA,Positive,,HCV
HAVGLFRAA,Positive,A68,HCV
AYAAQGYKVL,Positive,Cw*0303,HCV
AYAAQGYKVL,Positive,Cw*0304,HCV
TLGFGAYMSK,Positive,A11,HCV
LGFGAYMSK,Positive,A3,HCV
GAYMSKAHGV,Positive,A11,HCV
TITTGAPVTYSTYGK,Positive,A2,HCV
TGSPITYSTY,Positive,A2,HCV
TGAPVTYSTY,Positive,A2,HCV
TYSTYGKFL,Positive,A*2402,HCV
CHAQDATTVL,Positive,B38,HCV
HPNIEEVAL,Positive,,HCV
HPNIEEVAL,Positive,B*3501,HCV
HPNIEEVAL,Positive,B35,HCV
GEIPFYGKAI,Positive,,HCV
FYGKAIPIEAI,Positive,,HCV
LEVIKGGRHLIFCHSK,Positive,,HCV
LIFCHSKKK,Positive,A3,HCV
LIFCHSKKKCDELAA,Positive,,HCV
HSKKKCDEL,Positive,,HCV
ATDALMTGY,Positive,,HCV
HSKRKCDEL,Positive,,HCV
HSKKKCDEL,Positive,B8,HCV
ELAAKLVAL,Positive,B8,HCV
LAAKLVALGINAVAY,Positive,,HCV
LAAKLVALGINAVAY,Positive,,HCV
KLVALGINAV,Positive,A2,HCV
GDVVVVSTDALMTGY,Positive,,HCV
DVVVVATDALMTGYT,Positive,,HCV
ATDALMTCY,Positive,A1,HCV
ATDALMTGY,Positive,A1,HCV
ALMTGYTGDFDSVI,Positive,,HCV
GFTGDFDSV,Positive,A*0206,HCV
MFDSSVLCECYDAGC,Positive,,HCV
VFTGLTHIDAHFLSQTKQSG,Positive,,HCV
CLIRLKPTLHGPTPLLYR,Positive,,HCV
DPRRRSRNL,Positive,,HCV
LIRLKPTL,Positive,B8,HCV
EVTLTHPITKYIMTCMSA,Positive,B8,HCV
TLTHPITK,Positive,A11,HCV
TLTHPVTK,Positive,A11,HCV
STWVLVGGVLAALAA,Positive,,HCV
VLAALAAYCL,Positive,A2,HCV
IPDREVLY,Positive,B35,HCV
EVIAPAVQTNW,Positive,,HCV
VIAPAVQTNW,Positive,A24,HCV
ETFWAKHMW,Positive,A25,HCV
AFWAKHMWNF,Positive,,HCV
FWAKHMWNF,Positive,A*2402,HCV
GIQYLAGLSTLPGNPAIASL,Positive,,HCV
SLMAFTAAV,Positive,A2,HCV
LTTSQTLLF,Positive,B57,HCV
LLFNILGGWV,Positive,A2,HCV
ILAGYGAGV,Positive,A2,HCV
GVAGALVAFK,Positive,A3,HCV
VAGALVAFK,Positive,A3,HCV
AARVTAIL,Positive,,HCV
SECCTPCSGSW,Positive,B37,HCV
SECTTPCSGSW,Positive,B37,HCV
VLSDFKTWL,Positive,A2,HCV
VLDSFKTWL,Positive,A2,HCV
DFKTWLQSKL,Positive,,HCV
LLREEVSFRV,Positive,A2,HCV
HEYPVGSQL,Positive,B60,HCV
PCEPEPDVAVL,Positive,B35,HCV
EPEPDVAVL,Positive,B35,HCV
ARGSPPSVASSSASQLSAPS,Positive,,HCV
SVASSSASQLSA,Positive,,HCV
QLSAPSLKATCTANH,Positive,,HCV
NHDSPDAEL,Positive,B38,HCV
SPDAELIEANL,Positive,A2,HCV
ELIEANLLW,Positive,A25,HCV
ILDSFDPLV,Positive,A2,HCV
REISVPAEIL,Positive,B60,HCV
KFPPALPIW,Positive,A*2402,HCV
VYSTTSRSASL,Positive,,HCV
TSRSACQRQKKVTFDRLQVL,Positive,,HCV
SLTPPHSAK,Positive,A3,HCV
QPEKGGRKPA,Positive,B55,HCV
RLIVFPDLGV,Positive,A2,HCV
RVCEKMALY,Positive,A3,HCV
MALYDVVSKLPLAVM,Positive,,HCV
ALYDVVTKL,Positive,A2,HCV
KSKKTPMGF,Positive,B57,HCV
KSKKTPMGFSYDTRC,Positive,,HCV
GLQDCTMLV,Positive,A2,HCV
HDGAGKRVY,Positive,A3,HCV
HDGAGKRVYYL,Positive,B38,HCV
TARKTPVNSW,Positive,A25,HCV
TARHTPVNSW,Positive,A25,HCV
RMILMTHFF,Positive,A*2402,HCV
CYSIEPLDL,Positive,A*2402,HCV
SLHSYSPGEINRVAA,Positive,,HCV
SPGEINRVAA,Positive,B55,HCV
LGVPPLRAWR,Positive,B57,HCV
VGIYLLPNR,Positive,A31,HCV
DLMGYIPLV,Positive,A2,HCV
DLMGYIPLV,Positive,A2.1,HCV
ILHTPGCV,Positive,A2,HCV
SMVGNWAKV,Positive,A2,HCV
SLLAPGAKQNV,Positive,A2,HCV
GLLGCIITSL,Positive,A2.1,HCV
