Peptide,Immunogenicity,MHC,MHCEvidence,Host,Dataset
AAFDRKSDAK,Positive,HLA-A1101,Cited reference,Homo sapiens,Calis1
AAHARFVAA,Positive,HLA-B0801,Cited reference,Homo sapiens,Calis1
AARDRFPGL,Positive,HLA-B0702,Cited reference,Homo sapiens,Calis1
AARQRLQDI,Positive,HLA-B0801,Cited reference,Homo sapiens,Calis1
AEIEDLIFLA,Positive,HLA-B4403,Cited reference,Homo sapiens,Calis1
AEMKTDAA,Positive,HLA-B4501,Cited reference,Homo sapiens,Calis1
AEMKTDAATL,Positive,HLA-B4403,Cited reference,Homo sapiens,Calis1
AEMWAQDAA,Positive,HLA-B4501,Cited reference,Homo sapiens,Calis1
AESRKLLLI,Positive,HLA-B4403,Cited reference,Homo sapiens,Calis1
AEWDRVHPV,Positive,HLA-B4002,Cited reference,Homo sapiens,Calis1
AEWPTFNVGW,Positive,HLA-B4403,Cited reference,Homo sapiens,Calis1
AIISGDSPV,Positive,HLA-A0201,Cited reference,Homo sapiens,Calis1
AIMDKNIIL,Positive,HLA-A0201,Cited reference,Homo sapiens,Calis1
AIMDKNIML,Positive,HLA-A0201,Cited reference,Homo sapiens,Calis1
AINGVMWTV,Positive,HLA-A0201,Cited reference,Homo sapiens,Calis1
AIYDTMQYV,Positive,HLA-A0201,Cited reference,Homo sapiens,Calis1
ALAEGDLLA,Positive,HLA-A0201,Cited reference,Homo sapiens,Calis1
ALASCMGLIY,Positive,HLA-A0101,Cited reference,Homo sapiens,Calis1
ALDEGLLPV,Positive,HLA-A0201,Cited reference,Homo sapiens,Calis1
ALFFFDIDLL,Positive,HLA-A0201,Cited reference,Homo sapiens,Calis1
ALGGGATGV,Positive,HLA-A0201,Cited reference,Homo sapiens,Calis1
ALIDCNPCTL,Positive,HLA-A0201,Cited reference,Homo sapiens,Calis1
ALIGILSLFV,Positive,HLA-A0201,Cited reference,Homo sapiens,Calis1
ALLEDPVGT,Positive,HLA-A0201,Cited reference,Homo sapiens,Calis1
ALLGGLRPV,Positive,HLA-A0201,Cited reference,Homo sapiens,Calis1
ALLMPAGVPL,Positive,HLA-A0201,Cited reference,Homo sapiens,Calis1
ALLNIKVKL,Positive,HLA-A0201,Cited reference,Homo sapiens,Calis1
ALLPTALDAL,Positive,HLA-A0201,Cited reference,Homo sapiens,Calis1
ALLVLYSFA,Positive,HLA-A0201,Cited reference,Homo sapiens,Calis1
ALMPLYACI,Positive,HLA-A0201,Cited reference,Homo sapiens,Calis1
ALQAIELQL,Positive,HLA-A0201,Cited reference,Homo sapiens,Calis1
ALQLLLEV,Positive,HLA-A0201,Cited reference,Homo sapiens,Calis1
ALSLAAVLV,Positive,HLA-A0201,Cited reference,Homo sapiens,Calis1
ALSLAAVLVV,Positive,HLA-A0201,Cited reference,Homo sapiens,Calis1
ALSSSLGNV,Positive,HLA-A0201,Cited reference,Homo sapiens,Calis1
ALTAVAEEV,Positive,HLA-A0201,Cited reference,Homo sapiens,Calis1
ALVNAVNKL,Positive,HLA-A0201,Cited reference,Homo sapiens,Calis1
ALVNFLRHL,Positive,HLA-A0201,Cited reference,Homo sapiens,Calis1
ALWALPHAA,Positive,HLA-A0201,Cited reference,Homo sapiens,Calis1
ALWDSKFFT,Positive,HLA-A0201,Cited reference,Homo sapiens,Calis1
ALWMRLLPL,Positive,HLA-A0201,Cited reference,Homo sapiens,Calis1
ALWMRLLPLL,Positive,HLA-A0201,Cited reference,Homo sapiens,Calis1
ALYDVVSKL,Positive,HLA-A0201,Cited reference,Homo sapiens,Calis1
ALYDVVSTL,Positive,HLA-A0201,Cited reference,Homo sapiens,Calis1
ALYDVVTKL,Positive,HLA-A0201,Cited reference,Homo sapiens,Calis1
ALYEVVSKL,Positive,HLA-A0201,Cited reference,Homo sapiens,Calis1
ALYLVCGER,Positive,HLA-A0301,Cited reference,Homo sapiens,Calis1
AMAGASTSA,Positive,HLA-A0201,Cited reference,Homo sapiens,Calis1
AMAGSIDLL,Positive,HLA-A0201,Cited reference,Homo sapiens,Calis1
AMASTEGNV,Positive,HLA-A0201,Cited reference,Homo sapiens,Calis1
AMEDLVRAY,Positive,HLA-A3002,Cited reference,Homo sapiens,Calis1
AMLDLLKSV,Positive,HLA-A0201,Cited reference,Homo sapiens,Calis1
AMLTAFFLR,Positive,HLA-A1101,Cited reference,Homo sapiens,Calis1
AMLVLLAEI,Positive,HLA-A0201,Cited reference,Homo sapiens,Calis1
APGWLIWTY,Positive,HLA-B3501,Cited reference,Homo sapiens,Calis1
APIFYPPVL,Positive,HLA-B0702,Cited reference,Homo sapiens,Calis1
APKTPDACL,Positive,HLA-B0702,Cited reference,Homo sapiens,Calis1
APNPNRFVI,Positive,HLA-B0702,Cited reference,Homo sapiens,Calis1
APRAWISSL,Positive,HLA-B0702,Cited reference,Homo sapiens,Calis1
APRLPDDPI,Positive,HLA-B0702,Cited reference,Homo sapiens,Calis1
APRQWPMPL,Positive,HLA-B0702,Cited reference,Homo sapiens,Calis1
APVPPPEPL,Positive,HLA-B0702,Cited reference,Homo sapiens,Calis1
ARKLLLDNL,Positive,HLA-B2705,Cited reference,Homo sapiens,Calis1
ARLGKGYMF,Positive,HLA-B2705,Cited reference,Homo sapiens,Calis1
ARVYEIKCR,Positive,HLA-B2705,Cited reference,Homo sapiens,Calis1
ATDALMTGF,Positive,HLA-A0101,Cited reference,Homo sapiens,Calis1
ATDALMTGY,Positive,HLA-A0101,Cited reference,Homo sapiens,Calis1
ATIGTAMYK,Positive,HLA-A1101,Cited reference,Homo sapiens,Calis1
ATQIPSYKK,Positive,HLA-A1101,Cited reference,Homo sapiens,Calis1
ATSLDVINY,Positive,HLA-A1101,Cited reference,Homo sapiens,Calis1
ATSTGDVVY,Positive,HLA-A0101,Cited reference,Homo sapiens,Calis1
ATTFLQTMLR,Positive,HLA-A6801,Cited reference,Homo sapiens,Calis1
ATWAENIQV,Positive,HLA-A0201,Cited reference,Homo sapiens,Calis1
AVADHVAAV,Positive,HLA-A0201,Cited reference,Homo sapiens,Calis1
AVAEAQCKK,Positive,HLA-A0301,Cited reference,Homo sapiens,Calis1
AVDLSHFLK,Positive,HLA-A0301,Cited reference,Homo sapiens,Calis1
AVDLSHFLK,Positive,HLA-A1101,Cited reference,Homo sapiens,Calis1
AVDLSHFLK,Positive,HLA-A3001,Cited reference,Homo sapiens,Calis1
AVFDRKSDAK,Positive,HLA-A1101,Cited reference,Homo sapiens,Calis1
AVFKDSFLRK,Positive,HLA-A0301,Cited reference,Homo sapiens,Calis1
AVFKDSFLRK,Positive,HLA-A1101,Cited reference,Homo sapiens,Calis1
AVFNRKSDAK,Positive,HLA-A1101,Cited reference,Homo sapiens,Calis1
AVGGAVASV,Positive,HLA-A0201,Cited reference,Homo sapiens,Calis1
AVKDVTITKK,Positive,HLA-A0301,Cited reference,Homo sapiens,Calis1
AVNGVLWTV,Positive,HLA-A0201,Cited reference,Homo sapiens,Calis1
AVNGVMWTV,Positive,HLA-A0201,Cited reference,Homo sapiens,Calis1
AVPDDLYIK,Positive,HLA-A1101,Cited reference,Homo sapiens,Calis1
AVVSLLRLLK,Positive,HLA-A0301,Cited reference,Homo sapiens,Calis1
AVYGNIKHK,Positive,HLA-A0301,Cited reference,Homo sapiens,Calis1
AVYGNIKHK,Positive,HLA-A1101,Cited reference,Homo sapiens,Calis1
AYAQKIFKI,Positive,HLA-A2402,Cited reference,Homo sapiens,Calis1
CEDVPSGKL,Positive,HLA-B4001,Cited reference,Homo sapiens,Calis1
CINGACWTV,Positive,HLA-A0201,Cited reference,Homo sapiens,Calis1
CINGCVWTV,Positive,HLA-A0201,Cited reference,Homo sapiens,Calis1
CINGLCWTV,Positive,HLA-A0201,Cited reference,Homo sapiens,Calis1
CINGVCWSI,Positive,HLA-A0201,Cited reference,Homo sapiens,Calis1
CINGVCWSV,Positive,HLA-A0201,Cited reference,Homo sapiens,Calis1
CINGVCWTV,Positive,HLA-A0201,Cited reference,Homo sapiens,Calis1
CINGVMWTL,Positive,HLA-A0201,Cited reference,Homo sapiens,Calis1
CISGVCWTV,Positive,HLA-A0201,Cited reference,Homo sapiens,Calis1
CLFKDWEEL,Positive,HLA-A0201,Cited reference,Homo sapiens,Calis1
CLGGLLTMV,Positive,HLA-A0201,Cited reference,Homo sapiens,Calis1
CLGLLTMV,Positive,HLA-A0201,Cited reference,Homo sapiens,Calis1
CLLPKMDSV,Positive,HLA-A0201,Cited reference,Homo sapiens,Calis1
CLLPKMDSVV,Positive,HLA-A0201,Cited reference,Homo sapiens,Calis1
CLLSGTYIFA,Positive,HLA-A0201,Cited reference,Homo sapiens,Calis1
CLTEYILWV,Positive,HLA-A0201,Cited reference,Homo sapiens,Calis1
CMLTEFLHY,Positive,HLA-A2902,Cited reference,Homo sapiens,Calis1
CPNSSIVY,Positive,HLA-B3501,Cited reference,Homo sapiens,Calis1
CTELKLSDY,Positive,HLA-A0101,Cited reference,Homo sapiens,Calis1
CTNGVCWTV,Positive,HLA-A0201,Cited reference,Homo sapiens,Calis1
CVETMCNEY,Positive,HLA-A0101,Cited reference,Homo sapiens,Calis1
CVNGACWTV,Positive,HLA-A0201,Cited reference,Homo sapiens,Calis1
CVNGSCFTV,Positive,HLA-A0201,Cited reference,Homo sapiens,Calis1
CVNGVCWTV,Positive,HLA-A0201,Cited reference,Homo sapiens,Calis1
CYSIEPLDL,Positive,HLA-A2402,Cited reference,Homo sapiens,Calis1
DELRRKMMY,Positive,HLA-B1801,Cited reference,Homo sapiens,Calis1
DELVDPINY,Positive,HLA-B4403,Cited reference,Homo sapiens,Calis1
DEVEFLGHY,Positive,HLA-B1801,Cited reference,Homo sapiens,Calis1
DLMGYIPAV,Positive,HLA-A0201,Cited reference,Homo sapiens,Calis1
DLMGYIPLV,Positive,HLA-A0201,Cited reference,Homo sapiens,Calis1
DLMGYLPLV,Positive,HLA-A0201,Cited reference,Homo sapiens,Calis1
DMCDIYLLY,Positive,HLA-A0101,Cited reference,Homo sapiens,Calis1
DMCDIYLLY,Positive,HLA-A2601,Cited reference,Homo sapiens,Calis1
DMCDIYLLY,Positive,HLA-A2902,Cited reference,Homo sapiens,Calis1
DPRRRSRNL,Positive,HLA-B0702,Cited reference,Homo sapiens,Calis1
DRLALLANL,Positive,HLA-B2705,Cited reference,Homo sapiens,Calis1
DTPVLPHETR,Positive,HLA-A6801,Cited reference,Homo sapiens,Calis1
DTVNRTHQY,Positive,HLA-A2601,Cited reference,Homo sapiens,Calis1
DVKFHTQAF,Positive,HLA-A2601,Cited reference,Homo sapiens,Calis1
DYCNVLNKEF,Positive,HLA-A2402,Cited reference,Homo sapiens,Calis1
DYLQYVLQI,Positive,HLA-A2402,Cited reference,Homo sapiens,Calis1
EENLLDFVRF,Positive,HLA-B4403,Cited reference,Homo sapiens,Calis1
EERHIFLDY,Positive,HLA-B4403,Cited reference,Homo sapiens,Calis1
EIYKRWII,Positive,HLA-B0801,Cited reference,Homo sapiens,Calis1
ELAAKLVAL,Positive,HLA-B0801,Cited reference,Homo sapiens,Calis1
ELAEYLYNI,Positive,HLA-A0201,Cited reference,Homo sapiens,Calis1
ELAGIGILTV,Positive,HLA-A0201,Cited reference,Homo sapiens,Calis1
ELAGWGILTV,Positive,HLA-A0201,Cited reference,Homo sapiens,Calis1
ELKRKMIYM,Positive,HLA-B0801,Cited reference,Homo sapiens,Calis1
ELKRKMMYM,Positive,HLA-B0801,Cited reference,Homo sapiens,Calis1
ELRRKMMYM,Positive,HLA-B0801,Cited reference,Homo sapiens,Calis1
ELRSRYWAI,Positive,HLA-B0801,Cited reference,Homo sapiens,Calis1
EMKTDAATL,Positive,HLA-B0801,Cited reference,Homo sapiens,Calis1
EPEPDVAVL,Positive,HLA-B3501,Cited reference,Homo sapiens,Calis1
EPEPDVAW,Positive,HLA-B3501,Cited reference,Homo sapiens,Calis1
EPLARLEL,Positive,HLA-B0801,Cited reference,Homo sapiens,Calis1
EPRYTYWQL,Positive,HLA-B0702,Cited reference,Homo sapiens,Calis1
ERFLAQEQL,Positive,HLA-B2705,Cited reference,Homo sapiens,Calis1
ESLFRAVITK,Positive,HLA-A1101,Cited reference,Homo sapiens,Calis1
ETDNAGLKEY,Positive,HLA-A2601,Cited reference,Homo sapiens,Calis1
ETIKGGRHL,Positive,HLA-A2601,Cited reference,Homo sapiens,Calis1
ETSVMLAKR,Positive,HLA-A6801,Cited reference,Homo sapiens,Calis1
EVENVSVNV,Positive,HLA-A6901,Cited reference,Homo sapiens,Calis1
EVIKGGRHL,Positive,HLA-A2601,Cited reference,Homo sapiens,Calis1
EVIPMFSAL,Positive,HLA-A2601,Cited reference,Homo sapiens,Calis1
EVISVMKRR,Positive,HLA-A6801,Cited reference,Homo sapiens,Calis1
EVVTSTWVL,Positive,HLA-A2601,Cited reference,Homo sapiens,Calis1
EYLVSFGVW,Positive,HLA-A2402,Cited reference,Homo sapiens,Calis1
EYRHYCYSL,Positive,HLA-A2402,Cited reference,Homo sapiens,Calis1
EYVLLLFLL,Positive,HLA-A2402,Cited reference,Homo sapiens,Calis1
FAAAFFPAV,Positive,HLA-A0201,Cited reference,Homo sapiens,Calis1
FAAAFFPAV,Positive,HLA-A0202,Cited reference,Homo sapiens,Calis1
FAAAFFPAV,Positive,HLA-A0203,Cited reference,Homo sapiens,Calis1
FAAAFFPAV,Positive,HLA-A0206,Cited reference,Homo sapiens,Calis1
FAAAFFPAV,Positive,HLA-A6802,Cited reference,Homo sapiens,Calis1
FAFKDLFVV,Positive,HLA-A0201,Cited reference,Homo sapiens,Calis1
FAFRDLCIV,Positive,HLA-A0201,Cited reference,Homo sapiens,Calis1
FANCNFTLV,Positive,HLA-A0201,Cited reference,Homo sapiens,Calis1
FANHDFTLV,Positive,HLA-A0201,Cited reference,Homo sapiens,Calis1
FANHKFTLV,Positive,HLA-A0201,Cited reference,Homo sapiens,Calis1
FANHNFTLV,Positive,HLA-A0201,Cited reference,Homo sapiens,Calis1
FANNEFTLV,Positive,HLA-A0201,Cited reference,Homo sapiens,Calis1
FANNKFTLV,Positive,HLA-A0201,Cited reference,Homo sapiens,Calis1
FANYKFTLV,Positive,HLA-A0201,Cited reference,Homo sapiens,Calis1
FANYNFTLV,Positive,HLA-A0201,Cited reference,Homo sapiens,Calis1
FEFTSFFY,Positive,HLA-B4403,Cited reference,Homo sapiens,Calis1
FFQFCPLIF,Positive,HLA-A2402,Cited reference,Homo sapiens,Calis1
FIAGLIAIV,Positive,HLA-A0201,Cited reference,Homo sapiens,Calis1
FIDSYICQV,Positive,HLA-A0201,Cited reference,Homo sapiens,Calis1
FIFDALAEV,Positive,HLA-A0201,Cited reference,Homo sapiens,Calis1
FIFPASKVYL,Positive,HLA-A0201,Cited reference,Homo sapiens,Calis1
FILGIIITV,Positive,HLA-A0201,Cited reference,Homo sapiens,Calis1
FISDKIKFL,Positive,HLA-A0201,Cited reference,Homo sapiens,Calis1
FIYAGSLSAL,Positive,HLA-A0201,Cited reference,Homo sapiens,Calis1
FLDLPLPWL,Positive,HLA-A0201,Cited reference,Homo sapiens,Calis1
FLDLPLPWT,Positive,HLA-A0201,Cited reference,Homo sapiens,Calis1
FLFAVGFYL,Positive,HLA-A0201,Cited reference,Homo sapiens,Calis1
FLGGTRVCL,Positive,HLA-A0201,Cited reference,Homo sapiens,Calis1
FLHCIVFNV,Positive,HLA-A0201,Cited reference,Homo sapiens,Calis1
FLIVLSVAL,Positive,HLA-A0201,Cited reference,Homo sapiens,Calis1
FLKDVMESM,Positive,HLA-A0201,Cited reference,Homo sapiens,Calis1
FLKEKKGL,Positive,HLA-B0801,Cited reference,Homo sapiens,Calis1
FLLALLSCL,Positive,HLA-A0201,Cited reference,Homo sapiens,Calis1
FLLCFCVLL,Positive,HLA-A0201,Cited reference,Homo sapiens,Calis1
FLLDILGAT,Positive,HLA-A0201,Cited reference,Homo sapiens,Calis1
FLLENAAYL,Positive,HLA-A0201,Cited reference,Homo sapiens,Calis1
FLLGLLFFV,Positive,HLA-A0201,Cited reference,Homo sapiens,Calis1
FLLGLLVHV,Positive,HLA-A0201,Cited reference,Homo sapiens,Calis1
FLLGLLVHV,Positive,HLA-A0202,Cited reference,Homo sapiens,Calis1
FLLGLLVHV,Positive,HLA-A0203,Cited reference,Homo sapiens,Calis1
FLLGLLVHV,Positive,HLA-A0206,Cited reference,Homo sapiens,Calis1
FLLGLLVHV,Positive,HLA-A6802,Cited reference,Homo sapiens,Calis1
FLLKAEVQKL,Positive,HLA-A0201,Cited reference,Homo sapiens,Calis1
FLLLADARV,Positive,HLA-A0201,Cited reference,Homo sapiens,Calis1
FLLSLGIHL,Positive,HLA-A0201,Cited reference,Homo sapiens,Calis1
FLLTKILTI,Positive,HLA-A0201,Cited reference,Homo sapiens,Calis1
FLLTRILTI,Positive,HLA-A0201,Cited reference,Homo sapiens,Calis1
FLLTRILTL,Positive,HLA-A0201,Cited reference,Homo sapiens,Calis1
FLLVAHYAI,Positive,HLA-A0201,Cited reference,Homo sapiens,Calis1
FLMDRHIIV,Positive,HLA-A0201,Cited reference,Homo sapiens,Calis1
FLMLVGGSTL,Positive,HLA-A0201,Cited reference,Homo sapiens,Calis1
FLNISWFYI,Positive,HLA-A0201,Cited reference,Homo sapiens,Calis1
FLNQTDETL,Positive,HLA-A0201,Cited reference,Homo sapiens,Calis1
FLNSLAIHEK,Positive,HLA-A0301,Cited reference,Homo sapiens,Calis1
FLNSLAIHEK,Positive,HLA-A1101,Cited reference,Homo sapiens,Calis1
FLNWQNLLNV,Positive,HLA-A0201,Cited reference,Homo sapiens,Calis1
FLPSDFFPSI,Positive,HLA-A0201,Cited reference,Homo sapiens,Calis1
FLPSDFFPSV,Positive,HLA-A0201,Cited reference,Homo sapiens,Calis1
FLQDVMNIL,Positive,HLA-A0201,Cited reference,Homo sapiens,Calis1
FLRGRAYGI,Positive,HLA-B0801,Cited reference,Homo sapiens,Calis1
FLRGRAYGL,Positive,HLA-A0201,Cited reference,Homo sapiens,Calis1
FLRGRAYGL,Positive,HLA-B0801,Cited reference,Homo sapiens,Calis1
FLSHDFTLV,Positive,HLA-A0201,Cited reference,Homo sapiens,Calis1
FLSHNFTLV,Positive,HLA-A0201,Cited reference,Homo sapiens,Calis1
FLSHNFTLVF,Positive,HLA-A0201,Cited reference,Homo sapiens,Calis1
FLSLSLLVI,Positive,HLA-A0201,Cited reference,Homo sapiens,Calis1
FLSLSLLVI,Positive,HLA-A0202,Cited reference,Homo sapiens,Calis1
FLSLSLLVI,Positive,HLA-A0203,Cited reference,Homo sapiens,Calis1
FLSMLNLTKY,Positive,HLA-A0101,Cited reference,Homo sapiens,Calis1
FLSMLNLTKY,Positive,HLA-A2902,Cited reference,Homo sapiens,Calis1
FLTDYIPGA,Positive,HLA-A0201,Cited reference,Homo sapiens,Calis1
FLTDYIPGA,Positive,HLA-A0202,Cited reference,Homo sapiens,Calis1
FLTDYIPGA,Positive,HLA-A0203,Cited reference,Homo sapiens,Calis1
FLTDYIPGA,Positive,HLA-A0206,Cited reference,Homo sapiens,Calis1
FLTSVINRV,Positive,HLA-A0201,Cited reference,Homo sapiens,Calis1
FLVDAIVRV,Positive,HLA-A0201,Cited reference,Homo sapiens,Calis1
FLVDAIVRVA,Positive,HLA-A0201,Cited reference,Homo sapiens,Calis1
FLVFQMLV,Positive,HLA-A0201,Cited reference,Homo sapiens,Calis1
FLVIAINAM,Positive,HLA-A0201,Cited reference,Homo sapiens,Calis1
FLVPFVVFL,Positive,HLA-A0201,Cited reference,Homo sapiens,Calis1
FLVSQLFTF,Positive,HLA-A0201,Cited reference,Homo sapiens,Calis1
FLWGPRAYA,Positive,HLA-A0201,Cited reference,Homo sapiens,Calis1
FLWSVFMLI,Positive,HLA-A0201,Cited reference,Homo sapiens,Calis1
FLWSVFWLI,Positive,HLA-A0201,Cited reference,Homo sapiens,Calis1
FLYALALL,Positive,HLA-A0201,Cited reference,Homo sapiens,Calis1
FLYALALLL,Positive,HLA-A0201,Cited reference,Homo sapiens,Calis1
FLYELIWNV,Positive,HLA-A0201,Cited reference,Homo sapiens,Calis1
FLYGALLLA,Positive,HLA-A0201,Cited reference,Homo sapiens,Calis1
FLYNRPLNS,Positive,HLA-A0201,Cited reference,Homo sapiens,Calis1
FLYRLFSIL,Positive,HLA-A0201,Cited reference,Homo sapiens,Calis1
FMGVLVNSL,Positive,HLA-A0201,Cited reference,Homo sapiens,Calis1
FMHNRLQYSL,Positive,HLA-A0201,Cited reference,Homo sapiens,Calis1
FMIAFISCFA,Positive,HLA-A0201,Cited reference,Homo sapiens,Calis1
FMIAFISCFA,Positive,HLA-A0202,Cited reference,Homo sapiens,Calis1
FMIAFISCFA,Positive,HLA-A0203,Cited reference,Homo sapiens,Calis1
FMIAFISCFA,Positive,HLA-A0206,Cited reference,Homo sapiens,Calis1
FMIAFISCFA,Positive,HLA-A6802,Cited reference,Homo sapiens,Calis1
FMIVSISLV,Positive,HLA-A0201,Cited reference,Homo sapiens,Calis1
FMIVSISLV,Positive,HLA-A0202,Cited reference,Homo sapiens,Calis1
FMIVSISLV,Positive,HLA-A0203,Cited reference,Homo sapiens,Calis1
FMIVSISLV,Positive,HLA-A0206,Cited reference,Homo sapiens,Calis1
FMIVSISLV,Positive,HLA-A6802,Cited reference,Homo sapiens,Calis1
FMVFLQTHI,Positive,HLA-A0201,Cited reference,Homo sapiens,Calis1
FMYEGDTPL,Positive,HLA-A0201,Cited reference,Homo sapiens,Calis1
FMYMSLLGV,Positive,HLA-A0201,Cited reference,Homo sapiens,Calis1
FNMLSTVLGV,Positive,HLA-A0201,Cited reference,Homo sapiens,Calis1
FPRIWLHGL,Positive,HLA-B0702,Cited reference,Homo sapiens,Calis1
FPTKDVAL,Positive,HLA-B3501,Cited reference,Homo sapiens,Calis1
FPTKDVALR,Positive,HLA-A6801,Cited reference,Homo sapiens,Calis1
FQGAWAEWPV,Positive,HLA-A0201,Cited reference,Homo sapiens,Calis1
FQMLVAHFLV,Positive,HLA-A0201,Cited reference,Homo sapiens,Calis1
FQQLFLNTL,Positive,HLA-A0201,Cited reference,Homo sapiens,Calis1
FRKAQIQGL,Positive,HLA-B2705,Cited reference,Homo sapiens,Calis1
FSMELPSFGV,Positive,HLA-A0201,Cited reference,Homo sapiens,Calis1
FTDWANKQY,Positive,HLA-A0101,Cited reference,Homo sapiens,Calis1
FTHNEYKFYV,Positive,HLA-A0201,Cited reference,Homo sapiens,Calis1
FTIDFKLKY,Positive,HLA-A0101,Cited reference,Homo sapiens,Calis1
FTIDFKLKY,Positive,HLA-A2601,Cited reference,Homo sapiens,Calis1
FTIDFKLKY,Positive,HLA-A2902,Cited reference,Homo sapiens,Calis1
FTLVAPVSI,Positive,HLA-A0201,Cited reference,Homo sapiens,Calis1
FTSAVLLLL,Positive,HLA-A0201,Cited reference,Homo sapiens,Calis1
FTSAVLLLV,Positive,HLA-A0201,Cited reference,Homo sapiens,Calis1
FTSGLPAFV,Positive,HLA-A0201,Cited reference,Homo sapiens,Calis1
FVANFSMEL,Positive,HLA-A0201,Cited reference,Homo sapiens,Calis1
FVDYNFSLV,Positive,HLA-A0201,Cited reference,Homo sapiens,Calis1
FVDYNFTIV,Positive,HLA-A0201,Cited reference,Homo sapiens,Calis1
FVIFACNFV,Positive,HLA-A0201,Cited reference,Homo sapiens,Calis1
FVIFACNFV,Positive,HLA-A0202,Cited reference,Homo sapiens,Calis1
FVIFACNFV,Positive,HLA-A0203,Cited reference,Homo sapiens,Calis1
FVIFACNFV,Positive,HLA-A0206,Cited reference,Homo sapiens,Calis1
FVIFACNFV,Positive,HLA-A6802,Cited reference,Homo sapiens,Calis1
FVMLEMLNY,Positive,HLA-A1101,Cited reference,Homo sapiens,Calis1
FVNHRFTLV,Positive,HLA-A0201,Cited reference,Homo sapiens,Calis1
FVNYDFALV,Positive,HLA-A0201,Cited reference,Homo sapiens,Calis1
FVNYDFTIV,Positive,HLA-A0201,Cited reference,Homo sapiens,Calis1
FVNYNFTLV,Positive,HLA-A0201,Cited reference,Homo sapiens,Calis1
FVSCDFTIV,Positive,HLA-A0201,Cited reference,Homo sapiens,Calis1
FVSPSLVSA,Positive,HLA-A0201,Cited reference,Homo sapiens,Calis1
FWAKHMWNF,Positive,HLA-A2402,Cited reference,Homo sapiens,Calis1
FYGMWPLLL,Positive,HLA-A2902,Cited reference,Homo sapiens,Calis1
GELDRWEKI,Positive,HLA-B4002,Cited reference,Homo sapiens,Calis1
GESKSYCEL,Positive,HLA-B4001,Cited reference,Homo sapiens,Calis1
GIIYIIYKL,Positive,HLA-A0201,Cited reference,Homo sapiens,Calis1
GILGFVFLT,Positive,HLA-A0201,Cited reference,Homo sapiens,Calis1
GILGFVFTL,Positive,HLA-A0201,Cited reference,Homo sapiens,Calis1
GILGFVFTLT,Positive,HLA-A0201,Cited reference,Homo sapiens,Calis1
GILTVSVAV,Positive,HLA-A0201,Cited reference,Homo sapiens,Calis1
GIVCPICSQK,Positive,HLA-A1101,Cited reference,Homo sapiens,Calis1
GLAAAVVAV,Positive,HLA-A0201,Cited reference,Homo sapiens,Calis1
GLAAAVVAV,Positive,HLA-A0202,Cited reference,Homo sapiens,Calis1
GLAAAVVAV,Positive,HLA-A0203,Cited reference,Homo sapiens,Calis1
GLAAAVVAV,Positive,HLA-A0206,Cited reference,Homo sapiens,Calis1
GLAGGAATA,Positive,HLA-A0201,Cited reference,Homo sapiens,Calis1
GLCPHCINV,Positive,HLA-A0201,Cited reference,Homo sapiens,Calis1
GLCTLVAML,Positive,HLA-A0201,Cited reference,Homo sapiens,Calis1
GLEALVPLAV,Positive,HLA-A0201,Cited reference,Homo sapiens,Calis1
GLFGAIAGFI,Positive,HLA-A0201,Cited reference,Homo sapiens,Calis1
GLFGGGGGV,Positive,HLA-A0201,Cited reference,Homo sapiens,Calis1
GLFPTQIQV,Positive,HLA-A0201,Cited reference,Homo sapiens,Calis1
GLGWVGWLL,Positive,HLA-A0201,Cited reference,Homo sapiens,Calis1
GLHCYEQLV,Positive,HLA-A0201,Cited reference,Homo sapiens,Calis1
GLIDIAPHQI,Positive,HLA-A0201,Cited reference,Homo sapiens,Calis1
GLIEKNIEL,Positive,HLA-A0201,Cited reference,Homo sapiens,Calis1
GLIMVLSFL,Positive,HLA-A0201,Cited reference,Homo sapiens,Calis1
GLLDKAVSNV,Positive,HLA-A0201,Cited reference,Homo sapiens,Calis1
GLLGCIITSL,Positive,HLA-A0201,Cited reference,Homo sapiens,Calis1
GLLGNVSTV,Positive,HLA-A0201,Cited reference,Homo sapiens,Calis1
GLLLLGLWGT,Positive,HLA-A0201,Cited reference,Homo sapiens,Calis1
GLLPFHSTL,Positive,HLA-A0201,Cited reference,Homo sapiens,Calis1
GLLPSLLLLL,Positive,HLA-A0201,Cited reference,Homo sapiens,Calis1
GLMNNAFEWI,Positive,HLA-A0201,Cited reference,Homo sapiens,Calis1
GLMWLSYFV,Positive,HLA-A0201,Cited reference,Homo sapiens,Calis1
GLNDYLHSV,Positive,HLA-A0201,Cited reference,Homo sapiens,Calis1
GLQDCTMLV,Positive,HLA-A0201,Cited reference,Homo sapiens,Calis1
GLSPTVWLSV,Positive,HLA-A0201,Cited reference,Homo sapiens,Calis1
GLSRYVARL,Positive,HLA-A0201,Cited reference,Homo sapiens,Calis1
GLSRYVARL,Positive,HLA-A0202,Cited reference,Homo sapiens,Calis1
GLVILLVLAL,Positive,HLA-A0201,Cited reference,Homo sapiens,Calis1
GMFANRWII,Positive,HLA-A0201,Cited reference,Homo sapiens,Calis1
GMSRIGMEV,Positive,HLA-A0201,Cited reference,Homo sapiens,Calis1
GMVTTSTTL,Positive,HLA-A0201,Cited reference,Homo sapiens,Calis1
GPATAQMAL,Positive,HLA-B0702,Cited reference,Homo sapiens,Calis1
GPGHKARVL,Positive,HLA-B0702,Cited reference,Homo sapiens,Calis1
GPHETITAL,Positive,HLA-B0702,Cited reference,Homo sapiens,Calis1
GPKVKRPPI,Positive,HLA-B0801,Cited reference,Homo sapiens,Calis1
GPRLGVRAT,Positive,HLA-B0702,Cited reference,Homo sapiens,Calis1
GQTEPIAFV,Positive,HLA-A0201,Cited reference,Homo sapiens,Calis1
GTHVLLPFY,Positive,HLA-A3002,Cited reference,Homo sapiens,Calis1
GTIAGGVCYY,Positive,HLA-A0301,Cited reference,Homo sapiens,Calis1
GTIAGGVCYY,Positive,HLA-A1101,Cited reference,Homo sapiens,Calis1
GTLGIVCPI,Positive,HLA-A0201,Cited reference,Homo sapiens,Calis1
GTSGSPIIDK,Positive,HLA-A1101,Cited reference,Homo sapiens,Calis1
GTSGSPIINR,Positive,HLA-A1101,Cited reference,Homo sapiens,Calis1
GTSGSPIVDK,Positive,HLA-A1101,Cited reference,Homo sapiens,Calis1
GTSGSPIVDR,Positive,HLA-A1101,Cited reference,Homo sapiens,Calis1
GTSGSPIVNR,Positive,HLA-A1101,Cited reference,Homo sapiens,Calis1
GVAGALVAFK,Positive,HLA-A0301,Cited reference,Homo sapiens,Calis1
GVAGALVAFK,Positive,HLA-A1101,Cited reference,Homo sapiens,Calis1
GVSENIFLK,Positive,HLA-A0301,Cited reference,Homo sapiens,Calis1
GVTSSGAIYK,Positive,HLA-A1101,Cited reference,Homo sapiens,Calis1
HFSKCGFPF,Positive,HLA-A2402,Cited reference,Homo sapiens,Calis1
HHIWQNLL,Positive,HLA-B3901,Cited reference,Homo sapiens,Calis1
HLAFQLSSI,Positive,HLA-A0201,Cited reference,Homo sapiens,Calis1
HLDDVGFLV,Positive,HLA-A0201,Cited reference,Homo sapiens,Calis1
HLFYSAVLL,Positive,HLA-A0201,Cited reference,Homo sapiens,Calis1
HLLTSPKPSL,Positive,HLA-A0201,Cited reference,Homo sapiens,Calis1
HLSLRGLPV,Positive,HLA-A0201,Cited reference,Homo sapiens,Calis1
HLVEALYLV,Positive,HLA-A0201,Cited reference,Homo sapiens,Calis1
HMWNFISGI,Positive,HLA-A0201,Cited reference,Homo sapiens,Calis1
HPFALLLVL,Positive,HLA-B3501,Cited reference,Homo sapiens,Calis1
HPNIEEVAL,Positive,HLA-B3501,Cited reference,Homo sapiens,Calis1
HPRHYATVM,Positive,HLA-B0702,Cited reference,Homo sapiens,Calis1
HPTFTSQY,Positive,HLA-B3501,Cited reference,Homo sapiens,Calis1
HPVGEADYF,Positive,HLA-B3501,Cited reference,Homo sapiens,Calis1
HPVGEADYF,Positive,HLA-B5301,Cited reference,Homo sapiens,Calis1
HPVHAGPIA,Positive,HLA-B0702,Cited reference,Homo sapiens,Calis1
HRCQAIRK,Positive,HLA-B2705,Cited reference,Homo sapiens,Calis1
HRFLPLKTR,Positive,HLA-B2705,Cited reference,Homo sapiens,Calis1
HRFLPVKTR,Positive,HLA-B2705,Cited reference,Homo sapiens,Calis1
HRFLPVRTR,Positive,HLA-B2705,Cited reference,Homo sapiens,Calis1
HVRVSQPSL,Positive,HLA-B0702,Cited reference,Homo sapiens,Calis1
HYAPRPCGI,Positive,HLA-A2402,Cited reference,Homo sapiens,Calis1
IAGNSAYEYV,Positive,HLA-A0201,Cited reference,Homo sapiens,Calis1
IALYLQQNW,Positive,HLA-B5701,Cited reference,Homo sapiens,Calis1
IALYLQQNW,Positive,HLA-B5801,Cited reference,Homo sapiens,Calis1
ICWGNQLFV,Positive,HLA-A0201,Cited reference,Homo sapiens,Calis1
IEDPPFNSL,Positive,HLA-B4001,Cited reference,Homo sapiens,Calis1
IEELRQHLL,Positive,HLA-B4001,Cited reference,Homo sapiens,Calis1
IEIKDTKEAL,Positive,HLA-B4001,Cited reference,Homo sapiens,Calis1
IHSMNSSIL,Positive,HLA-B3901,Cited reference,Homo sapiens,Calis1
IHSMNSTIL,Positive,HLA-B3901,Cited reference,Homo sapiens,Calis1
IIIPFIAYFV,Positive,HLA-A0201,Cited reference,Homo sapiens,Calis1
IILNGSLLTL,Positive,HLA-A0201,Cited reference,Homo sapiens,Calis1
ILAGYGAGV,Positive,HLA-A0201,Cited reference,Homo sapiens,Calis1
ILARNLVPM,Positive,HLA-A0201,Cited reference,Homo sapiens,Calis1
ILDDNLYKV,Positive,HLA-A0201,Cited reference,Homo sapiens,Calis1
ILDEERDKV,Positive,HLA-A0201,Cited reference,Homo sapiens,Calis1
ILDKKVEKV,Positive,HLA-A0201,Cited reference,Homo sapiens,Calis1
ILDSFDPLV,Positive,HLA-A0201,Cited reference,Homo sapiens,Calis1
ILGFVFTL,Positive,HLA-A0201,Cited reference,Homo sapiens,Calis1
ILIYNGWYA,Positive,HLA-A0201,Cited reference,Homo sapiens,Calis1
ILKEPVHGV,Positive,HLA-A0201,Cited reference,Homo sapiens,Calis1
ILKGKFQTA,Positive,HLA-B0801,Cited reference,Homo sapiens,Calis1
ILLERLDVGT,Positive,HLA-A0201,Cited reference,Homo sapiens,Calis1
ILLMRTTWA,Positive,HLA-A0201,Cited reference,Homo sapiens,Calis1
ILMHCQTTL,Positive,HLA-A0201,Cited reference,Homo sapiens,Calis1
ILMIFISSFL,Positive,HLA-A0201,Cited reference,Homo sapiens,Calis1
ILMNDQEVGV,Positive,HLA-A0201,Cited reference,Homo sapiens,Calis1
ILMWEAVTL,Positive,HLA-A0201,Cited reference,Homo sapiens,Calis1
ILPGQDLQYV,Positive,HLA-A0201,Cited reference,Homo sapiens,Calis1
ILQYDLWNV,Positive,HLA-A0201,Cited reference,Homo sapiens,Calis1
ILRGSVAHK,Positive,HLA-A0301,Cited reference,Homo sapiens,Calis1
ILSDENYLL,Positive,HLA-A0201,Cited reference,Homo sapiens,Calis1
ILSVSSFLFV,Positive,HLA-A0201,Cited reference,Homo sapiens,Calis1
ILTDFSVIK,Positive,HLA-A1101,Cited reference,Homo sapiens,Calis1
ILYISFYFI,Positive,HLA-A0201,Cited reference,Homo sapiens,Calis1
IMIGHLVGV,Positive,HLA-A0201,Cited reference,Homo sapiens,Calis1
IMIGVLVGV,Positive,HLA-A0201,Cited reference,Homo sapiens,Calis1
IMMGVLVGV,Positive,HLA-A0201,Cited reference,Homo sapiens,Calis1
IMREFNSYK,Positive,HLA-A0301,Cited reference,Homo sapiens,Calis1
IPDREVLY,Positive,HLA-B3501,Cited reference,Homo sapiens,Calis1
IPIILKALY,Positive,HLA-B3501,Cited reference,Homo sapiens,Calis1
IPLKYIVLM,Positive,HLA-B0702,Cited reference,Homo sapiens,Calis1
IPQCRLTPL,Positive,HLA-B0702,Cited reference,Homo sapiens,Calis1
IPRRIRQGL,Positive,HLA-B0702,Cited reference,Homo sapiens,Calis1
IPSINVHHY,Positive,HLA-B3501,Cited reference,Homo sapiens,Calis1
IPVIVADDL,Positive,HLA-B3501,Cited reference,Homo sapiens,Calis1
IPYTAAVQV,Positive,HLA-B0702,Cited reference,Homo sapiens,Calis1
IRHENRMVL,Positive,HLA-B3901,Cited reference,Homo sapiens,Calis1
IRMFKILPL,Positive,HLA-B2705,Cited reference,Homo sapiens,Calis1
IRSSVQNKL,Positive,HLA-B2705,Cited reference,Homo sapiens,Calis1
ISARGQELF,Positive,HLA-B5701,Cited reference,Homo sapiens,Calis1
ISARGQELF,Positive,HLA-B5801,Cited reference,Homo sapiens,Calis1
ISPRTLNAW,Positive,HLA-B5701,Cited reference,Homo sapiens,Calis1
ITAEGKCYK,Positive,HLA-A0301,Cited reference,Homo sapiens,Calis1
ITAEGKCYK,Positive,HLA-A1101,Cited reference,Homo sapiens,Calis1
ITATIEGRK,Positive,HLA-A0301,Cited reference,Homo sapiens,Calis1
ITMGSLFFV,Positive,HLA-A0201,Cited reference,Homo sapiens,Calis1
ITMGSLFFV,Positive,HLA-A0202,Cited reference,Homo sapiens,Calis1
ITMGSLFFV,Positive,HLA-A0203,Cited reference,Homo sapiens,Calis1
ITMGSLFFV,Positive,HLA-A0206,Cited reference,Homo sapiens,Calis1
ITMGSLFFV,Positive,HLA-A6802,Cited reference,Homo sapiens,Calis1
IVFNLPVSK,Positive,HLA-A0301,Cited reference,Homo sapiens,Calis1
IVIDEILFK,Positive,HLA-A0301,Cited reference,Homo sapiens,Calis1
IVIDEILFK,Positive,HLA-A1101,Cited reference,Homo sapiens,Calis1
IVLPEKDSW,Positive,HLA-B5701,Cited reference,Homo sapiens,Calis1
IVLPEKDSW,Positive,HLA-B5801,Cited reference,Homo sapiens,Calis1
IVTDFSVIK,Positive,HLA-A1101,Cited reference,Homo sapiens,Calis1
IVTDFSVIR,Positive,HLA-A1101,Cited reference,Homo sapiens,Calis1
IVTDYSVIK,Positive,HLA-A1101,Cited reference,Homo sapiens,Calis1
IVYAEKIPR,Positive,HLA-A0301,Cited reference,Homo sapiens,Calis1
IVYAEKIPR,Positive,HLA-A1101,Cited reference,Homo sapiens,Calis1
KAFQDVLYV,Positive,HLA-A0201,Cited reference,Homo sapiens,Calis1
KARAKKDEL,Positive,HLA-B0702,Cited reference,Homo sapiens,Calis1
KARDHLAVL,Positive,HLA-B0702,Cited reference,Homo sapiens,Calis1
KEKGGLEGL,Positive,HLA-B4001,Cited reference,Homo sapiens,Calis1
KEVNSQLSL,Positive,HLA-B4001,Cited reference,Homo sapiens,Calis1
KFPPALPIW,Positive,HLA-A2402,Cited reference,Homo sapiens,Calis1
KIDYYIPYV,Positive,HLA-A0201,Cited reference,Homo sapiens,Calis1
KILSVFFLA,Positive,HLA-A0201,Cited reference,Homo sapiens,Calis1
KLAGGVAVI,Positive,HLA-A0201,Cited reference,Homo sapiens,Calis1
KLAKLIIDL,Positive,HLA-A0201,Cited reference,Homo sapiens,Calis1
KLCTFSFLI,Positive,HLA-A0201,Cited reference,Homo sapiens,Calis1
KLEDENPWL,Positive,HLA-A0201,Cited reference,Homo sapiens,Calis1
KLIANNTRV,Positive,HLA-A0201,Cited reference,Homo sapiens,Calis1
KLIETYFSK,Positive,HLA-A0301,Cited reference,Homo sapiens,Calis1
KLIVTPAAL,Positive,HLA-A0201,Cited reference,Homo sapiens,Calis1
KLKIISNDYK,Positive,HLA-A0301,Cited reference,Homo sapiens,Calis1
KLLMVLMLA,Positive,HLA-A0201,Cited reference,Homo sapiens,Calis1
KLLRYYTEI,Positive,HLA-A0201,Cited reference,Homo sapiens,Calis1
KLLSSGAFSA,Positive,HLA-A0201,Cited reference,Homo sapiens,Calis1
KLMLDIHTV,Positive,HLA-A0201,Cited reference,Homo sapiens,Calis1
KLMPNITLL,Positive,HLA-A0201,Cited reference,Homo sapiens,Calis1
KLMPPDRTAV,Positive,HLA-A0201,Cited reference,Homo sapiens,Calis1
KLNGAMVEY,Positive,HLA-A0301,Cited reference,Homo sapiens,Calis1
KLPDDFMGCV,Positive,HLA-A0201,Cited reference,Homo sapiens,Calis1
KLPDLCTEL,Positive,HLA-A0201,Cited reference,Homo sapiens,Calis1
KLPQLCTEL,Positive,HLA-A0201,Cited reference,Homo sapiens,Calis1
KLQERLAKL,Positive,HLA-A0201,Cited reference,Homo sapiens,Calis1
KLQVFLIVL,Positive,HLA-A0201,Cited reference,Homo sapiens,Calis1
KLSEGDLLA,Positive,HLA-A0201,Cited reference,Homo sapiens,Calis1
KLSGLGINAV,Positive,HLA-A0201,Cited reference,Homo sapiens,Calis1
KLSGLGLNAI,Positive,HLA-A0201,Cited reference,Homo sapiens,Calis1
KLSGLGLNAV,Positive,HLA-A0201,Cited reference,Homo sapiens,Calis1
KLSSLGLNAV,Positive,HLA-A0201,Cited reference,Homo sapiens,Calis1
KLTALGVNAV,Positive,HLA-A0201,Cited reference,Homo sapiens,Calis1
KLTNTGLYNL,Positive,HLA-A0201,Cited reference,Homo sapiens,Calis1
KLTPLCVTL,Positive,HLA-A0201,Cited reference,Homo sapiens,Calis1
KLTQINFNM,Positive,HLA-A0201,Cited reference,Homo sapiens,Calis1
KLVALGINAV,Positive,HLA-A0201,Cited reference,Homo sapiens,Calis1
KLVALGVNAV,Positive,HLA-A0201,Cited reference,Homo sapiens,Calis1
KLVAMGINAV,Positive,HLA-A0201,Cited reference,Homo sapiens,Calis1
KLVAMGVNAV,Positive,HLA-A0201,Cited reference,Homo sapiens,Calis1
KLVANNTRL,Positive,HLA-A0201,Cited reference,Homo sapiens,Calis1
KLVETYISK,Positive,HLA-A0301,Cited reference,Homo sapiens,Calis1
KLVGLGLNAV,Positive,HLA-A0201,Cited reference,Homo sapiens,Calis1
KLVVLGINAV,Positive,HLA-A0201,Cited reference,Homo sapiens,Calis1
KLWCRHFCV,Positive,HLA-A0201,Cited reference,Homo sapiens,Calis1
KLWCRHFCVL,Positive,HLA-A0201,Cited reference,Homo sapiens,Calis1
KLWESPQEI,Positive,HLA-A0201,Cited reference,Homo sapiens,Calis1
KLYCSYEVA,Positive,HLA-A0201,Cited reference,Homo sapiens,Calis1
KMAAFPETL,Positive,HLA-A0201,Cited reference,Homo sapiens,Calis1
KMSSAVGFV,Positive,HLA-A0201,Cited reference,Homo sapiens,Calis1
KPAVGVYHIV,Positive,HLA-B0702,Cited reference,Homo sapiens,Calis1
KPIVQYDNF,Positive,HLA-B5301,Cited reference,Homo sapiens,Calis1
KPKPAVRFAI,Positive,HLA-B0702,Cited reference,Homo sapiens,Calis1
KRWIILGLNK,Positive,HLA-B2705,Cited reference,Homo sapiens,Calis1
KSFKDILPK,Positive,HLA-A1101,Cited reference,Homo sapiens,Calis1
KSKKIPMGF,Positive,HLA-B5701,Cited reference,Homo sapiens,Calis1
KSKKTPMGF,Positive,HLA-B5701,Cited reference,Homo sapiens,Calis1
KTKNFTIDFK,Positive,HLA-A0301,Cited reference,Homo sapiens,Calis1
KTSERSQPR,Positive,HLA-A0301,Cited reference,Homo sapiens,Calis1
KTWADEYLCV,Positive,HLA-A0201,Cited reference,Homo sapiens,Calis1
KVAEIVHFL,Positive,HLA-A0201,Cited reference,Homo sapiens,Calis1
KVAELVHFL,Positive,HLA-A0201,Cited reference,Homo sapiens,Calis1
KVAELVWFL,Positive,HLA-A0201,Cited reference,Homo sapiens,Calis1
KVCLRLLSK,Positive,HLA-A1101,Cited reference,Homo sapiens,Calis1
KVDDTFYYV,Positive,HLA-A0201,Cited reference,Homo sapiens,Calis1
KVGNFTGLY,Positive,HLA-A0301,Cited reference,Homo sapiens,Calis1
KVGNFTGLY,Positive,HLA-A1101,Cited reference,Homo sapiens,Calis1
KVLHVTDTNK,Positive,HLA-A0301,Cited reference,Homo sapiens,Calis1
KVMFVIRFK,Positive,HLA-A0301,Cited reference,Homo sapiens,Calis1
KVVSLVILA,Positive,HLA-A0201,Cited reference,Homo sapiens,Calis1
KYKLKHIVW,Positive,HLA-A2402,Cited reference,Homo sapiens,Calis1
KYLATASTM,Positive,HLA-A2402,Cited reference,Homo sapiens,Calis1
KYTDRKWCF,Positive,HLA-A2402,Cited reference,Homo sapiens,Calis1
KYTFWEVNL,Positive,HLA-A2402,Cited reference,Homo sapiens,Calis1
KYTSFPWLL,Positive,HLA-A2402,Cited reference,Homo sapiens,Calis1
LFGYPVYVF,Positive,HLA-A2402,Cited reference,Homo sapiens,Calis1
LGFGAYMSK,Positive,HLA-A0301,Cited reference,Homo sapiens,Calis1
LIEDFDIYV,Positive,HLA-A0201,Cited reference,Homo sapiens,Calis1
LIFCHSKKK,Positive,HLA-A0301,Cited reference,Homo sapiens,Calis1
LIFGHLPRV,Positive,HLA-A0201,Cited reference,Homo sapiens,Calis1
LIISPLPRV,Positive,HLA-A0201,Cited reference,Homo sapiens,Calis1
LIYDSSLCDL,Positive,HLA-A0201,Cited reference,Homo sapiens,Calis1
LLACAGLAYK,Positive,HLA-A0301,Cited reference,Homo sapiens,Calis1
LLAGIGTVPI,Positive,HLA-A0201,Cited reference,Homo sapiens,Calis1
LLALLSCLTV,Positive,HLA-A0201,Cited reference,Homo sapiens,Calis1
LLAVLFVMFL,Positive,HLA-A0201,Cited reference,Homo sapiens,Calis1
LLCLIFLLV,Positive,HLA-A0201,Cited reference,Homo sapiens,Calis1
LLCPAGHAV,Positive,HLA-A0201,Cited reference,Homo sapiens,Calis1
LLCPKSIPGL,Positive,HLA-A0201,Cited reference,Homo sapiens,Calis1
LLDAHIPQL,Positive,HLA-A0201,Cited reference,Homo sapiens,Calis1
LLDEGKQSL,Positive,HLA-A0201,Cited reference,Homo sapiens,Calis1
LLDFVRFMGV,Positive,HLA-A0201,Cited reference,Homo sapiens,Calis1
LLDFVRMGV,Positive,HLA-A0201,Cited reference,Homo sapiens,Calis1
LLDVAPLSL,Positive,HLA-A0201,Cited reference,Homo sapiens,Calis1
LLDVPTAAV,Positive,HLA-A0201,Cited reference,Homo sapiens,Calis1
LLDYQGMLPV,Positive,HLA-A0201,Cited reference,Homo sapiens,Calis1
LLFEEYTNI,Positive,HLA-A0201,Cited reference,Homo sapiens,Calis1
LLFGHPVYV,Positive,HLA-A0201,Cited reference,Homo sapiens,Calis1
LLFGYAVYV,Positive,HLA-A0201,Cited reference,Homo sapiens,Calis1
LLFGYPRYV,Positive,HLA-A0201,Cited reference,Homo sapiens,Calis1
LLFGYPVAV,Positive,HLA-A0201,Cited reference,Homo sapiens,Calis1
LLFGYPVYV,Positive,HLA-A0201,Cited reference,Homo sapiens,Calis1
LLFLKVPA,Positive,HLA-A0201,Cited reference,Homo sapiens,Calis1
LLFLLLADA,Positive,HLA-A0201,Cited reference,Homo sapiens,Calis1
LLFNILGGWV,Positive,HLA-A0201,Cited reference,Homo sapiens,Calis1
LLFRTLLVYL,Positive,HLA-A0201,Cited reference,Homo sapiens,Calis1
LLFSFAQAV,Positive,HLA-A0201,Cited reference,Homo sapiens,Calis1
LLGCIITSL,Positive,HLA-A0201,Cited reference,Homo sapiens,Calis1
LLGLWGLATA,Positive,HLA-A0201,Cited reference,Homo sapiens,Calis1
LLGLWGTAAL,Positive,HLA-A0201,Cited reference,Homo sapiens,Calis1
LLGLWVFAAL,Positive,HLA-A0201,Cited reference,Homo sapiens,Calis1
LLGRNSFEV,Positive,HLA-A0201,Cited reference,Homo sapiens,Calis1
LLHTDFEQV,Positive,HLA-A0201,Cited reference,Homo sapiens,Calis1
LLIADNPQL,Positive,HLA-A0201,Cited reference,Homo sapiens,Calis1
LLIDPTSGL,Positive,HLA-A0201,Cited reference,Homo sapiens,Calis1
LLIKKLPRV,Positive,HLA-A0201,Cited reference,Homo sapiens,Calis1
LLIRCINCQK,Positive,HLA-A1101,Cited reference,Homo sapiens,Calis1
LLLDRLNQL,Positive,HLA-A0201,Cited reference,Homo sapiens,Calis1
LLLGLMILL,Positive,HLA-A0201,Cited reference,Homo sapiens,Calis1
LLLGLWGFA,Positive,HLA-A0201,Cited reference,Homo sapiens,Calis1
LLLGLWGTAA,Positive,HLA-A0201,Cited reference,Homo sapiens,Calis1
LLLGTLNIV,Positive,HLA-A0201,Cited reference,Homo sapiens,Calis1
LLLIALWNL,Positive,HLA-A0201,Cited reference,Homo sapiens,Calis1
LLLIWFRPV,Positive,HLA-A0201,Cited reference,Homo sapiens,Calis1
LLLKATLCI,Positive,HLA-A0201,Cited reference,Homo sapiens,Calis1
LLLLDVAPL,Positive,HLA-A0201,Cited reference,Homo sapiens,Calis1
LLLMRTSWA,Positive,HLA-A0201,Cited reference,Homo sapiens,Calis1
LLLMRTTWA,Positive,HLA-A0201,Cited reference,Homo sapiens,Calis1
LLLTLLATV,Positive,HLA-A0201,Cited reference,Homo sapiens,Calis1
LLMGTLGIV,Positive,HLA-A0201,Cited reference,Homo sapiens,Calis1
LLMPAGVPL,Positive,HLA-A0201,Cited reference,Homo sapiens,Calis1
LLMPAGVPLT,Positive,HLA-A0201,Cited reference,Homo sapiens,Calis1
LLNCAVTKL,Positive,HLA-A0201,Cited reference,Homo sapiens,Calis1
LLNGWRWRL,Positive,HLA-A0201,Cited reference,Homo sapiens,Calis1
LLNYILKSV,Positive,HLA-A0201,Cited reference,Homo sapiens,Calis1
LLPPLLEHL,Positive,HLA-A0201,Cited reference,Homo sapiens,Calis1
LLQEYNWEL,Positive,HLA-A0201,Cited reference,Homo sapiens,Calis1
LLSSGAFSA,Positive,HLA-A0201,Cited reference,Homo sapiens,Calis1
LLVALAIGCV,Positive,HLA-A0201,Cited reference,Homo sapiens,Calis1
LLVDLLWLL,Positive,HLA-A0201,Cited reference,Homo sapiens,Calis1
LLVLFIVYV,Positive,HLA-A0201,Cited reference,Homo sapiens,Calis1
LLVSEIDWL,Positive,HLA-A0201,Cited reference,Homo sapiens,Calis1
LLWNGPMAV,Positive,HLA-A0201,Cited reference,Homo sapiens,Calis1
LLWSYAMGV,Positive,HLA-A0201,Cited reference,Homo sapiens,Calis1
LLWTLVVL,Positive,HLA-A0201,Cited reference,Homo sapiens,Calis1
LLWTLVVLL,Positive,HLA-A0201,Cited reference,Homo sapiens,Calis1
LLYAHINAL,Positive,HLA-A0201,Cited reference,Homo sapiens,Calis1
LLYDGSFAV,Positive,HLA-A0201,Cited reference,Homo sapiens,Calis1
LLYGGVPEV,Positive,HLA-A0201,Cited reference,Homo sapiens,Calis1
LLYGYPVYV,Positive,HLA-A0201,Cited reference,Homo sapiens,Calis1
LMASSPTSI,Positive,HLA-A0201,Cited reference,Homo sapiens,Calis1
LMGDKSENV,Positive,HLA-A0201,Cited reference,Homo sapiens,Calis1
LMIGTAAAV,Positive,HLA-A0201,Cited reference,Homo sapiens,Calis1
LMIIPLINV,Positive,HLA-A0201,Cited reference,Homo sapiens,Calis1
LMLIWYRPV,Positive,HLA-A0201,Cited reference,Homo sapiens,Calis1
LMLLKNGTV,Positive,HLA-A0201,Cited reference,Homo sapiens,Calis1
LMNGQQIFL,Positive,HLA-A0201,Cited reference,Homo sapiens,Calis1
LMNNAFEWI,Positive,HLA-A0201,Cited reference,Homo sapiens,Calis1
LMNNAFEWIV,Positive,HLA-A0201,Cited reference,Homo sapiens,Calis1
LMVLMLAAL,Positive,HLA-A0201,Cited reference,Homo sapiens,Calis1
LMWAKIGPV,Positive,HLA-A0201,Cited reference,Homo sapiens,Calis1
LMWYELSKI,Positive,HLA-A0201,Cited reference,Homo sapiens,Calis1
LNIDLLWSV,Positive,HLA-A0201,Cited reference,Homo sapiens,Calis1
LPFDKPTIM,Positive,HLA-B3501,Cited reference,Homo sapiens,Calis1
LPFDKSTIM,Positive,HLA-B3501,Cited reference,Homo sapiens,Calis1
LPFEKSTVM,Positive,HLA-B3501,Cited reference,Homo sapiens,Calis1
LPGCSFSIF,Positive,HLA-B0702,Cited reference,Homo sapiens,Calis1
LPHNHTDL,Positive,HLA-B0801,Cited reference,Homo sapiens,Calis1
LPLKMLNI,Positive,HLA-B5101,Cited reference,Homo sapiens,Calis1
LPRAWLQRL,Positive,HLA-B0702,Cited reference,Homo sapiens,Calis1
LPRDTGPEL,Positive,HLA-B0702,Cited reference,Homo sapiens,Calis1
LPSDFFPSV,Positive,HLA-B5101,Cited reference,Homo sapiens,Calis1
LPYIEQGMML,Positive,HLA-B3501,Cited reference,Homo sapiens,Calis1
LRKPKHKKL,Positive,HLA-B0801,Cited reference,Homo sapiens,Calis1
LTAGFLIFL,Positive,HLA-A0201,Cited reference,Homo sapiens,Calis1
LTAGFLIFL,Positive,HLA-A0206,Cited reference,Homo sapiens,Calis1
LTCLNISSLR,Positive,HLA-A0301,Cited reference,Homo sapiens,Calis1
LTCLNISSLR,Positive,HLA-A1101,Cited reference,Homo sapiens,Calis1
LTILDDNLYK,Positive,HLA-A0301,Cited reference,Homo sapiens,Calis1
LTILDDNLYK,Positive,HLA-A1101,Cited reference,Homo sapiens,Calis1
LVALLACLTV,Positive,HLA-A0201,Cited reference,Homo sapiens,Calis1
LVALLVCLTV,Positive,HLA-A0201,Cited reference,Homo sapiens,Calis1
LVCGERGFFY,Positive,HLA-A0301,Cited reference,Homo sapiens,Calis1
LVCGERGFFY,Positive,HLA-A1101,Cited reference,Homo sapiens,Calis1
LVEYGTVVNK,Positive,HLA-A0301,Cited reference,Homo sapiens,Calis1
LVEYGTVVNK,Positive,HLA-A1101,Cited reference,Homo sapiens,Calis1
LVHTPSIDK,Positive,HLA-A0301,Cited reference,Homo sapiens,Calis1
LVHTPSIDK,Positive,HLA-A1101,Cited reference,Homo sapiens,Calis1
LVLILYLCV,Positive,HLA-A0201,Cited reference,Homo sapiens,Calis1
LVMAPRTVL,Positive,HLA-B0702,Cited reference,Homo sapiens,Calis1
LVMAQLLRI,Positive,HLA-A0201,Cited reference,Homo sapiens,Calis1
LVMLLVHYA,Positive,HLA-A0201,Cited reference,Homo sapiens,Calis1
LVRAYHAMS,Positive,HLA-A3001,Cited reference,Homo sapiens,Calis1
LVVDFSQFSR,Positive,HLA-A1101,Cited reference,Homo sapiens,Calis1
LYLCCGITL,Positive,HLA-A2402,Cited reference,Homo sapiens,Calis1
LYLVCGERGF,Positive,HLA-A2402,Cited reference,Homo sapiens,Calis1
LYPRPPGSGL,Positive,HLA-A2402,Cited reference,Homo sapiens,Calis1
LYTSRMVTNL,Positive,HLA-A2402,Cited reference,Homo sapiens,Calis1
MALTLSPY,Positive,HLA-A2902,Cited reference,Homo sapiens,Calis1
MAVPPCCIGV,Positive,HLA-A0201,Cited reference,Homo sapiens,Calis1
MFMLIFNVK,Positive,HLA-A1101,Cited reference,Homo sapiens,Calis1
MIMQGGFSV,Positive,HLA-A0201,Cited reference,Homo sapiens,Calis1
MLLALIAVL,Positive,HLA-A0201,Cited reference,Homo sapiens,Calis1
MLLSVPLLLG,Positive,HLA-A0201,Cited reference,Homo sapiens,Calis1
MLMIIIVIAI,Positive,HLA-A0201,Cited reference,Homo sapiens,Calis1
MLNIPSINV,Positive,HLA-A0201,Cited reference,Homo sapiens,Calis1
MLSRVAAVK,Positive,HLA-A0301,Cited reference,Homo sapiens,Calis1
MLVALLGAM,Positive,HLA-A0201,Cited reference,Homo sapiens,Calis1
MLVGGSTLCV,Positive,HLA-A0201,Cited reference,Homo sapiens,Calis1
MMIEEYPYV,Positive,HLA-A0201,Cited reference,Homo sapiens,Calis1
MMLVPLITV,Positive,HLA-A0201,Cited reference,Homo sapiens,Calis1
MMMGMFNML,Positive,HLA-A0201,Cited reference,Homo sapiens,Calis1
MMRKLAILSV,Positive,HLA-A0201,Cited reference,Homo sapiens,Calis1
MPAYIRNTL,Positive,HLA-B0702,Cited reference,Homo sapiens,Calis1
MPLETQLAI,Positive,HLA-B0702,Cited reference,Homo sapiens,Calis1
MPNDPNRNV,Positive,HLA-B0702,Cited reference,Homo sapiens,Calis1
MPNGLIAQF,Positive,HLA-B3501,Cited reference,Homo sapiens,Calis1
MRDHTITLL,Positive,HLA-B2705,Cited reference,Homo sapiens,Calis1
NASRCWVAM,Positive,HLA-B3501,Cited reference,Homo sapiens,Calis1
NEGCGWAGW,Positive,HLA-B4403,Cited reference,Homo sapiens,Calis1
NEGCGWMGW,Positive,HLA-B4403,Cited reference,Homo sapiens,Calis1
NIALWMTEYL,Positive,HLA-A0201,Cited reference,Homo sapiens,Calis1
NIRQAGVQY,Positive,HLA-B1502,Cited reference,Homo sapiens,Calis1
NLAQDLATV,Positive,HLA-A0201,Cited reference,Homo sapiens,Calis1
NLATYMNSI,Positive,HLA-A0201,Cited reference,Homo sapiens,Calis1
NLFDIPLLTV,Positive,HLA-A0201,Cited reference,Homo sapiens,Calis1
NLFLFLFAV,Positive,HLA-A0201,Cited reference,Homo sapiens,Calis1
NLNESLIDL,Positive,HLA-A0201,Cited reference,Homo sapiens,Calis1
NLPGCSFSI,Positive,HLA-A0201,Cited reference,Homo sapiens,Calis1
NLVPMVATV,Positive,HLA-A0201,Cited reference,Homo sapiens,Calis1
NLVPMVATV,Positive,HLA-A0206,Cited reference,Homo sapiens,Calis1
NMFTPYIGV,Positive,HLA-A0201,Cited reference,Homo sapiens,Calis1
NPKASLLSL,Positive,HLA-B0702,Cited reference,Homo sapiens,Calis1
NPRLPVCNL,Positive,HLA-B0702,Cited reference,Homo sapiens,Calis1
NRAKQVIKL,Positive,HLA-B2705,Cited reference,Homo sapiens,Calis1
NRFSVAYML,Positive,HLA-B2705,Cited reference,Homo sapiens,Calis1
NVMLVTLPV,Positive,HLA-A0201,Cited reference,Homo sapiens,Calis1
NVMPVLDQSV,Positive,HLA-A0201,Cited reference,Homo sapiens,Calis1
NVTSIHSLL,Positive,HLA-A6802,Cited reference,Homo sapiens,Calis1
NYADRKWCF,Positive,HLA-A2402,Cited reference,Homo sapiens,Calis1
NYADRRWCF,Positive,HLA-A2402,Cited reference,Homo sapiens,Calis1
PLFDFSWLSL,Positive,HLA-A0201,Cited reference,Homo sapiens,Calis1
PLFGYPVYV,Positive,HLA-A0201,Cited reference,Homo sapiens,Calis1
PYLFWLAAI,Positive,HLA-A2301,Cited reference,Homo sapiens,Calis1
QAFTFSPTYK,Positive,HLA-A0301,Cited reference,Homo sapiens,Calis1
QAFTFSPTYK,Positive,HLA-A1101,Cited reference,Homo sapiens,Calis1
QAKWRLQTL,Positive,HLA-B0801,Cited reference,Homo sapiens,Calis1
QASQEVKNW,Positive,HLA-B5301,Cited reference,Homo sapiens,Calis1
QASQEVKNW,Positive,HLA-B5701,Cited reference,Homo sapiens,Calis1
QASQEVKNW,Positive,HLA-B5801,Cited reference,Homo sapiens,Calis1
QEFFWDANDI,Positive,HLA-B4403,Cited reference,Homo sapiens,Calis1
QLCPICRAPV,Positive,HLA-A0201,Cited reference,Homo sapiens,Calis1
QLFLNTLSFV,Positive,HLA-A0201,Cited reference,Homo sapiens,Calis1
QLFTFSPRR,Positive,HLA-A0301,Cited reference,Homo sapiens,Calis1
QLGAFLTNV,Positive,HLA-A0201,Cited reference,Homo sapiens,Calis1
QLGPTCLSSL,Positive,HLA-A0201,Cited reference,Homo sapiens,Calis1
QLIPCMDVVL,Positive,HLA-A0201,Cited reference,Homo sapiens,Calis1
QLLKLNVPA,Positive,HLA-A0201,Cited reference,Homo sapiens,Calis1
QLLQHYREV,Positive,HLA-A0201,Cited reference,Homo sapiens,Calis1
QLPEATFMV,Positive,HLA-A0201,Cited reference,Homo sapiens,Calis1
QLSMYRVFEV,Positive,HLA-A0201,Cited reference,Homo sapiens,Calis1
QMARLAWEA,Positive,HLA-A0201,Cited reference,Homo sapiens,Calis1
QMDYSNGLFV,Positive,HLA-A0201,Cited reference,Homo sapiens,Calis1
QPRAPIRPI,Positive,HLA-B0702,Cited reference,Homo sapiens,Calis1
QPSLILVSQY,Positive,HLA-B3501,Cited reference,Homo sapiens,Calis1
QSDTVFDYY,Positive,HLA-A0101,Cited reference,Homo sapiens,Calis1
QSDTVFDYY,Positive,HLA-A3002,Cited reference,Homo sapiens,Calis1
QSITRSLIY,Positive,HLA-A2902,Cited reference,Homo sapiens,Calis1
QTNFKSLLR,Positive,HLA-A0301,Cited reference,Homo sapiens,Calis1
QTTPYNFIAK,Positive,HLA-A0301,Cited reference,Homo sapiens,Calis1
QTTPYNFIAK,Positive,HLA-A1101,Cited reference,Homo sapiens,Calis1
QVPLRPMTYK,Positive,HLA-A0301,Cited reference,Homo sapiens,Calis1
QVPLRPMTYK,Positive,HLA-A1101,Cited reference,Homo sapiens,Calis1
QYDPVAALF,Positive,HLA-A2402,Cited reference,Homo sapiens,Calis1
QYSDRRWCF,Positive,HLA-A2402,Cited reference,Homo sapiens,Calis1
QYSWFVNGTF,Positive,HLA-A2402,Cited reference,Homo sapiens,Calis1
QYVKVYLESF,Positive,HLA-A2402,Cited reference,Homo sapiens,Calis1
RAIEAQQHL,Positive,HLA-B5801,Cited reference,Homo sapiens,Calis1
RALAETSYV,Positive,HLA-A0201,Cited reference,Homo sapiens,Calis1
RGINDRNFW,Positive,HLA-B5801,Cited reference,Homo sapiens,Calis1
RIFAELEGV,Positive,HLA-A0201,Cited reference,Homo sapiens,Calis1
RIKQKGIL,Positive,HLA-B0801,Cited reference,Homo sapiens,Calis1
RIWCLVVCV,Positive,HLA-A0201,Cited reference,Homo sapiens,Calis1
RLDDDGNFQL,Positive,HLA-A0201,Cited reference,Homo sapiens,Calis1
RLGVRATRK,Positive,HLA-A0301,Cited reference,Homo sapiens,Calis1
RLIVFPDLGV,Positive,HLA-A0201,Cited reference,Homo sapiens,Calis1
RLLCALTSL,Positive,HLA-A0201,Cited reference,Homo sapiens,Calis1
RLLDLAQEGL,Positive,HLA-A0201,Cited reference,Homo sapiens,Calis1
RLLDRLVRL,Positive,HLA-A0201,Cited reference,Homo sapiens,Calis1
RLLIKKLPRV,Positive,HLA-A0201,Cited reference,Homo sapiens,Calis1
RLLPLLALL,Positive,HLA-A0201,Cited reference,Homo sapiens,Calis1
RLLPSLLLLL,Positive,HLA-A0201,Cited reference,Homo sapiens,Calis1
RLLQTGIHV,Positive,HLA-A0201,Cited reference,Homo sapiens,Calis1
RLLSPLSPL,Positive,HLA-A0201,Cited reference,Homo sapiens,Calis1
RLLSPTTIV,Positive,HLA-A0201,Cited reference,Homo sapiens,Calis1
RLNMFTPYI,Positive,HLA-A0201,Cited reference,Homo sapiens,Calis1
RLPLVLPAV,Positive,HLA-A0201,Cited reference,Homo sapiens,Calis1
RLRAEAQVK,Positive,HLA-A0301,Cited reference,Homo sapiens,Calis1
RLRPGGKKK,Positive,HLA-A0301,Cited reference,Homo sapiens,Calis1
RLRPGGKKK,Positive,HLA-A3001,Cited reference,Homo sapiens,Calis1
RLSDNGYYTV,Positive,HLA-A0201,Cited reference,Homo sapiens,Calis1
RLWHYPCTA,Positive,HLA-A0201,Cited reference,Homo sapiens,Calis1
RLWHYPCTI,Positive,HLA-A0201,Cited reference,Homo sapiens,Calis1
RLWHYPCTL,Positive,HLA-A0201,Cited reference,Homo sapiens,Calis1
RLWHYPCTV,Positive,HLA-A0201,Cited reference,Homo sapiens,Calis1
RLYDYFTRV,Positive,HLA-A0201,Cited reference,Homo sapiens,Calis1
RMFPNAPYL,Positive,HLA-A0201,Cited reference,Homo sapiens,Calis1
RMILMTHFF,Positive,HLA-A2402,Cited reference,Homo sapiens,Calis1
RMMEYGTTMV,Positive,HLA-A0201,Cited reference,Homo sapiens,Calis1
RMVLASTTAK,Positive,HLA-A0301,Cited reference,Homo sapiens,Calis1
RMYVGGVEHR,Positive,HLA-A0301,Cited reference,Homo sapiens,Calis1
RPHERNGFTV,Positive,HLA-B0702,Cited reference,Homo sapiens,Calis1
RPKHLYVSM,Positive,HLA-B0702,Cited reference,Homo sapiens,Calis1
RPKHLYVSM,Positive,HLA-B0801,Cited reference,Homo sapiens,Calis1
RPMSLRSTII,Positive,HLA-B0702,Cited reference,Homo sapiens,Calis1
RPMTYKAAV,Positive,HLA-B0702,Cited reference,Homo sapiens,Calis1
RPPIFIRLL,Positive,HLA-B0702,Cited reference,Homo sapiens,Calis1
RPPIFIRRL,Positive,HLA-B0702,Cited reference,Homo sapiens,Calis1
RPRFEHPHL,Positive,HLA-B0702,Cited reference,Homo sapiens,Calis1
RPRGEVRFL,Positive,HLA-B0702,Cited reference,Homo sapiens,Calis1
RPRNRYSQL,Positive,HLA-B0702,Cited reference,Homo sapiens,Calis1
RPRPPARSL,Positive,HLA-B0702,Cited reference,Homo sapiens,Calis1
RPSTPRAAV,Positive,HLA-B0702,Cited reference,Homo sapiens,Calis1
RQVGDFHYV,Positive,HLA-A0201,Cited reference,Homo sapiens,Calis1
RRAQMAPKR,Positive,HLA-B2705,Cited reference,Homo sapiens,Calis1
RRFFPYYV,Positive,HLA-B2705,Cited reference,Homo sapiens,Calis1
RRIFDLIEL,Positive,HLA-B2705,Cited reference,Homo sapiens,Calis1
RRIYDLIEL,Positive,HLA-B2705,Cited reference,Homo sapiens,Calis1
RRKMMYMCY,Positive,HLA-B2705,Cited reference,Homo sapiens,Calis1
RRKWRRWHL,Positive,HLA-B2705,Cited reference,Homo sapiens,Calis1
RRLVVTLQC,Positive,HLA-B2705,Cited reference,Homo sapiens,Calis1
RRRLRTLVL,Positive,HLA-B2705,Cited reference,Homo sapiens,Calis1
RRRWHRWRL,Positive,HLA-B2705,Cited reference,Homo sapiens,Calis1
RRRWRRLTV,Positive,HLA-B2705,Cited reference,Homo sapiens,Calis1
RRWLRLLV,Positive,HLA-B2705,Cited reference,Homo sapiens,Calis1
RSFKDLLKK,Positive,HLA-A1101,Cited reference,Homo sapiens,Calis1
RSFTFKEGFK,Positive,HLA-A0301,Cited reference,Homo sapiens,Calis1
RSFTFKEGFK,Positive,HLA-A1101,Cited reference,Homo sapiens,Calis1
RTLDKVLEV,Positive,HLA-A0201,Cited reference,Homo sapiens,Calis1
RVCEKMALY,Positive,HLA-A0301,Cited reference,Homo sapiens,Calis1
RVLLLLLLGL,Positive,HLA-A0201,Cited reference,Homo sapiens,Calis1
RVRAYTYSK,Positive,HLA-A0301,Cited reference,Homo sapiens,Calis1
RVRAYTYSK,Positive,HLA-A3001,Cited reference,Homo sapiens,Calis1
RVYEALYYV,Positive,HLA-A0201,Cited reference,Homo sapiens,Calis1
RYAPACKPL,Positive,HLA-A2402,Cited reference,Homo sapiens,Calis1
RYLKDQQLL,Positive,HLA-A2301,Cited reference,Homo sapiens,Calis1
RYLKDQQLL,Positive,HLA-A2402,Cited reference,Homo sapiens,Calis1
RYPLTFGW,Positive,HLA-A2301,Cited reference,Homo sapiens,Calis1
RYPLTFGW,Positive,HLA-A2402,Cited reference,Homo sapiens,Calis1
RYRFAFLYLL,Positive,HLA-A2402,Cited reference,Homo sapiens,Calis1
RYSIFFDY,Positive,HLA-A2402,Cited reference,Homo sapiens,Calis1
RYSIFFDYM,Positive,HLA-A2402,Cited reference,Homo sapiens,Calis1
RYYDGNIYEL,Positive,HLA-A2402,Cited reference,Homo sapiens,Calis1
SAICSVVRR,Positive,HLA-A3101,Cited reference,Homo sapiens,Calis1
SEHPTFTSQY,Positive,HLA-B4402,Cited reference,Homo sapiens,Calis1
SEHPTFTSQY,Positive,HLA-B4403,Cited reference,Homo sapiens,Calis1
SESSFFNLI,Positive,HLA-B4001,Cited reference,Homo sapiens,Calis1
SFFDRKSDAK,Positive,HLA-A1101,Cited reference,Homo sapiens,Calis1
SFHSLHLLF,Positive,HLA-A2402,Cited reference,Homo sapiens,Calis1
SILEGIANV,Positive,HLA-A0201,Cited reference,Homo sapiens,Calis1
SINGVMWTV,Positive,HLA-A0201,Cited reference,Homo sapiens,Calis1
SITEVECFL,Positive,HLA-A0201,Cited reference,Homo sapiens,Calis1
SIVAYTMSL,Positive,HLA-A0201,Cited reference,Homo sapiens,Calis1
SIYVYALPL,Positive,HLA-A0201,Cited reference,Homo sapiens,Calis1
SLAAGVKLL,Positive,HLA-A0201,Cited reference,Homo sapiens,Calis1
SLCKLNNVFY,Positive,HLA-A0301,Cited reference,Homo sapiens,Calis1
SLCKLNNVFY,Positive,HLA-A1101,Cited reference,Homo sapiens,Calis1
SLEEEIRFL,Positive,HLA-A0201,Cited reference,Homo sapiens,Calis1
SLFDRKSDAK,Positive,HLA-A1101,Cited reference,Homo sapiens,Calis1
SLFGQRIEV,Positive,HLA-A0201,Cited reference,Homo sapiens,Calis1
SLFKNVRLL,Positive,HLA-A0201,Cited reference,Homo sapiens,Calis1
SLFLGILSV,Positive,HLA-A0201,Cited reference,Homo sapiens,Calis1
SLFMILCTR,Positive,HLA-A0301,Cited reference,Homo sapiens,Calis1
SLFMILCTR,Positive,HLA-A1101,Cited reference,Homo sapiens,Calis1
SLGEQQYSV,Positive,HLA-A0201,Cited reference,Homo sapiens,Calis1
SLGLVILLVL,Positive,HLA-A0201,Cited reference,Homo sapiens,Calis1
SLGLVILLVL,Positive,HLA-A0211,Cited reference,Homo sapiens,Calis1
SLHTGFLASL,Positive,HLA-A0201,Cited reference,Homo sapiens,Calis1
SLIDLLHKI,Positive,HLA-A0201,Cited reference,Homo sapiens,Calis1
SLILIGITTL,Positive,HLA-A0201,Cited reference,Homo sapiens,Calis1
SLLGQLSGQV,Positive,HLA-A0201,Cited reference,Homo sapiens,Calis1
SLLLELEEV,Positive,HLA-A0201,Cited reference,Homo sapiens,Calis1
SLLMWITQV,Positive,HLA-A0201,Cited reference,Homo sapiens,Calis1
SLLPAIVEL,Positive,HLA-A0201,Cited reference,Homo sapiens,Calis1
SLLSEFCRV,Positive,HLA-A0201,Cited reference,Homo sapiens,Calis1
SLMAFTAAV,Positive,HLA-A0201,Cited reference,Homo sapiens,Calis1
SLMASSPTSI,Positive,HLA-A0201,Cited reference,Homo sapiens,Calis1
SLMSWSAIL,Positive,HLA-A0201,Cited reference,Homo sapiens,Calis1
SLPITVYYA,Positive,HLA-A0201,Cited reference,Homo sapiens,Calis1
SLQDIEITCV,Positive,HLA-A0201,Cited reference,Homo sapiens,Calis1
SLQNSEFLL,Positive,HLA-A0201,Cited reference,Homo sapiens,Calis1
SLRNWIATL,Positive,HLA-A0201,Cited reference,Homo sapiens,Calis1
SLSAYIIRV,Positive,HLA-A0201,Cited reference,Homo sapiens,Calis1
SLSHYFTLV,Positive,HLA-A0201,Cited reference,Homo sapiens,Calis1
SLSPLQAEL,Positive,HLA-A0201,Cited reference,Homo sapiens,Calis1
SLSRFSWGA,Positive,HLA-A0201,Cited reference,Homo sapiens,Calis1
SLTSINVQA,Positive,HLA-A0201,Cited reference,Homo sapiens,Calis1
SLVEELKKV,Positive,HLA-A0201,Cited reference,Homo sapiens,Calis1
SLVIVTTFV,Positive,HLA-A0201,Cited reference,Homo sapiens,Calis1
SLWGSGLLML,Positive,HLA-A0201,Cited reference,Homo sapiens,Calis1
SLWKDGAPL,Positive,HLA-A0201,Cited reference,Homo sapiens,Calis1
SLYADSPSV,Positive,HLA-A0201,Cited reference,Homo sapiens,Calis1
SLYFGGICV,Positive,HLA-A0201,Cited reference,Homo sapiens,Calis1
SLYHVYEVNL,Positive,HLA-A0201,Cited reference,Homo sapiens,Calis1
SLYNTIAVL,Positive,HLA-A0201,Cited reference,Homo sapiens,Calis1
SLYNTVATL,Positive,HLA-A0201,Cited reference,Homo sapiens,Calis1
SMHFYGWSL,Positive,HLA-A0201,Cited reference,Homo sapiens,Calis1
SMIEAESSV,Negative,HLA-A0201,Cited reference,Homo sapiens,Calis1
SMMWMRFFV,Positive,HLA-A0201,Cited reference,Homo sapiens,Calis1
SMNATLVQA,Positive,HLA-A0201,Cited reference,Homo sapiens,Calis1
SMVGNWAKV,Positive,HLA-A0201,Cited reference,Homo sapiens,Calis1
SMYRVFEVGV,Positive,HLA-A0201,Cited reference,Homo sapiens,Calis1
SPAIFQSSM,Positive,HLA-B0702,Cited reference,Homo sapiens,Calis1
SPKAGLLSL,Positive,HLA-B0702,Cited reference,Homo sapiens,Calis1
SPRHYSTDL,Positive,HLA-B0702,Cited reference,Homo sapiens,Calis1
SPRTLNAWV,Positive,HLA-B0702,Cited reference,Homo sapiens,Calis1
SPWAPTAPL,Positive,HLA-B0702,Cited reference,Homo sapiens,Calis1
SQDLSFIYRK,Positive,HLA-A1101,Cited reference,Homo sapiens,Calis1
SQSDTVFDY,Positive,HLA-A3002,Cited reference,Homo sapiens,Calis1
SRDSRGKPGY,Positive,HLA-B2705,Cited reference,Homo sapiens,Calis1
SRFTYTALK,Positive,HLA-B2705,Cited reference,Homo sapiens,Calis1
SRYWAIRTR,Positive,HLA-B2705,Cited reference,Homo sapiens,Calis1
SSAYVFSVK,Positive,HLA-A0301,Cited reference,Homo sapiens,Calis1
SSCSSCPLSK,Positive,HLA-A1101,Cited reference,Homo sapiens,Calis1
SSNIMSESY,Positive,HLA-A0101,Cited reference,Homo sapiens,Calis1
SSNIMSESY,Positive,HLA-A3002,Cited reference,Homo sapiens,Calis1
STFWPCLLR,Positive,HLA-A0301,Cited reference,Homo sapiens,Calis1
STNPKPQKK,Positive,HLA-A1101,Cited reference,Homo sapiens,Calis1
STNVRSGMK,Positive,HLA-A0301,Cited reference,Homo sapiens,Calis1
STNVRSGMK,Positive,HLA-A1101,Cited reference,Homo sapiens,Calis1
SVFRENLFL,Positive,HLA-A0201,Cited reference,Homo sapiens,Calis1
SVGGVFTSV,Positive,HLA-A0201,Cited reference,Homo sapiens,Calis1
SVNGVMWTV,Positive,HLA-A0201,Cited reference,Homo sapiens,Calis1
SVRDRLARL,Positive,HLA-A0203,Cited reference,Homo sapiens,Calis1
SVRDRLARL,Positive,HLA-B0801,Cited reference,Homo sapiens,Calis1
SWLSLLVPF,Positive,HLA-A2402,Cited reference,Homo sapiens,Calis1
SWPDGAELPF,Positive,HLA-A2402,Cited reference,Homo sapiens,Calis1
SYKDREWCF,Positive,HLA-A2402,Cited reference,Homo sapiens,Calis1
TAKSRVHPL,Positive,HLA-B0801,Cited reference,Homo sapiens,Calis1
TEADVQQWL,Positive,HLA-B4001,Cited reference,Homo sapiens,Calis1
TENGSFVAGY,Positive,HLA-B4403,Cited reference,Homo sapiens,Calis1
TERQANFL,Positive,HLA-B4002,Cited reference,Homo sapiens,Calis1
TEYDDHINL,Positive,HLA-B4001,Cited reference,Homo sapiens,Calis1
TFFKFLADK,Positive,HLA-A1101,Cited reference,Homo sapiens,Calis1
TIADFWQMV,Positive,HLA-A0201,Cited reference,Homo sapiens,Calis1
TIHDIILECV,Positive,HLA-A0201,Cited reference,Homo sapiens,Calis1
TINGVLWTV,Positive,HLA-A0201,Cited reference,Homo sapiens,Calis1
TINYTIFK,Positive,HLA-A1101,Cited reference,Homo sapiens,Calis1
TIPEALAAV,Positive,HLA-A0201,Cited reference,Homo sapiens,Calis1
TLACFAVYT,Positive,HLA-A0201,Cited reference,Homo sapiens,Calis1
TLACFVLAAV,Positive,HLA-A0201,Cited reference,Homo sapiens,Calis1
TLAGKGISVV,Positive,HLA-A0201,Cited reference,Homo sapiens,Calis1
TLARSICEK,Positive,HLA-A0301,Cited reference,Homo sapiens,Calis1
TLDTKPLSV,Positive,HLA-A0201,Cited reference,Homo sapiens,Calis1
TLDYKPLSV,Positive,HLA-A0201,Cited reference,Homo sapiens,Calis1
TLEEFSAKL,Positive,HLA-A0201,Cited reference,Homo sapiens,Calis1
TLFIGSHVV,Positive,HLA-A0201,Cited reference,Homo sapiens,Calis1
TLGFGAYMSK,Positive,HLA-A1101,Cited reference,Homo sapiens,Calis1
TLGIVCPI,Positive,HLA-A0201,Cited reference,Homo sapiens,Calis1
TLHEYMLDL,Positive,HLA-A0201,Cited reference,Homo sapiens,Calis1
TLKKYFIPV,Positive,HLA-A0201,Cited reference,Homo sapiens,Calis1
TLLLEGVMAA,Positive,HLA-A0201,Cited reference,Homo sapiens,Calis1
TLLNCAVTK,Positive,HLA-A0301,Cited reference,Homo sapiens,Calis1
TLLNNCTRV,Positive,HLA-A0201,Cited reference,Homo sapiens,Calis1
TLLQQYCLYL,Positive,HLA-A0201,Cited reference,Homo sapiens,Calis1
TLLRKHTLK,Positive,HLA-A0301,Cited reference,Homo sapiens,Calis1
TLLRKHTLK,Positive,HLA-A1101,Cited reference,Homo sapiens,Calis1
TLLVDLLWL,Positive,HLA-A0201,Cited reference,Homo sapiens,Calis1
TLLVLFIVYV,Positive,HLA-A0201,Cited reference,Homo sapiens,Calis1
TLLVYLFSL,Positive,HLA-A0201,Cited reference,Homo sapiens,Calis1
TLLYATVEV,Positive,HLA-A0201,Cited reference,Homo sapiens,Calis1
TLNDLETDV,Positive,HLA-A0201,Cited reference,Homo sapiens,Calis1
TLNDLETDV,Positive,HLA-A0211,Cited reference,Homo sapiens,Calis1
TLQDIVLHL,Positive,HLA-A0201,Cited reference,Homo sapiens,Calis1
TLQDVSLEV,Positive,HLA-A0201,Cited reference,Homo sapiens,Calis1
TLWKAGILYK,Positive,HLA-A0301,Cited reference,Homo sapiens,Calis1
TLWKAGILYK,Positive,HLA-A1101,Cited reference,Homo sapiens,Calis1
TLWVDPYEV,Positive,HLA-A0201,Cited reference,Homo sapiens,Calis1
TLYAVATTI,Positive,HLA-A0201,Cited reference,Homo sapiens,Calis1
TMYGGISLL,Positive,HLA-A0201,Cited reference,Homo sapiens,Calis1
TPARVTGGVF,Positive,HLA-B3501,Cited reference,Homo sapiens,Calis1
TPEGIIPAL,Positive,HLA-B3501,Cited reference,Homo sapiens,Calis1
TPEGIIPTL,Positive,HLA-B3501,Cited reference,Homo sapiens,Calis1
TPQVPLRPM,Positive,HLA-B0702,Cited reference,Homo sapiens,Calis1
TPRPVSRFL,Positive,HLA-B0702,Cited reference,Homo sapiens,Calis1
TPRVTGGGA,Positive,HLA-B0702,Cited reference,Homo sapiens,Calis1
TPRVTGGGAM,Positive,HLA-B0702,Cited reference,Homo sapiens,Calis1
TSAFVFPTK,Positive,HLA-A6801,Cited reference,Homo sapiens,Calis1
TSESQLFNK,Positive,HLA-A1101,Cited reference,Homo sapiens,Calis1
TSIPLAYFFK,Positive,HLA-A0301,Cited reference,Homo sapiens,Calis1
TSIPLAYFFK,Positive,HLA-A1101,Cited reference,Homo sapiens,Calis1
TTINYTLWR,Positive,HLA-A1101,Cited reference,Homo sapiens,Calis1
TTLITNLSSV,Positive,HLA-A0201,Cited reference,Homo sapiens,Calis1
TVNGVLWTV,Positive,HLA-A0201,Cited reference,Homo sapiens,Calis1
TVRSHCVSK,Positive,HLA-A0301,Cited reference,Homo sapiens,Calis1
TVYPPSSTAK,Positive,HLA-A0301,Cited reference,Homo sapiens,Calis1
TYACFVSNL,Positive,HLA-A2402,Cited reference,Homo sapiens,Calis1
TYFSLNNKF,Positive,HLA-A2402,Cited reference,Homo sapiens,Calis1
TYGPVFMCL,Positive,HLA-A2402,Cited reference,Homo sapiens,Calis1
TYLPTNASL,Positive,HLA-A2402,Cited reference,Homo sapiens,Calis1
TYNDHIVNL,Positive,HLA-A2301,Cited reference,Homo sapiens,Calis1
TYSAGIVQI,Positive,HLA-A2402,Cited reference,Homo sapiens,Calis1
VAGALVAFK,Positive,HLA-A0301,Cited reference,Homo sapiens,Calis1
VEITPYKPTW,Positive,HLA-B4403,Cited reference,Homo sapiens,Calis1
VFLVSQLFTF,Positive,HLA-A2402,Cited reference,Homo sapiens,Calis1
VFWAKHMWNF,Positive,HLA-A2402,Cited reference,Homo sapiens,Calis1
VIFDFLHCI,Positive,HLA-A0201,Cited reference,Homo sapiens,Calis1
VIVMLTPLV,Positive,HLA-A0201,Cited reference,Homo sapiens,Calis1
VLAALAAYCL,Positive,HLA-A0201,Cited reference,Homo sapiens,Calis1
VLAELVKQI,Positive,HLA-A0201,Cited reference,Homo sapiens,Calis1
VLATAVREL,Positive,HLA-A0201,Cited reference,Homo sapiens,Calis1
VLDKVEETV,Positive,HLA-A0201,Cited reference,Homo sapiens,Calis1
VLDSFKTWL,Positive,HLA-A0201,Cited reference,Homo sapiens,Calis1
VLEETSVML,Positive,HLA-A0201,Cited reference,Homo sapiens,Calis1
VLFGLGFAI,Positive,HLA-A0201,Cited reference,Homo sapiens,Calis1
VLFGLLCLL,Positive,HLA-A0201,Cited reference,Homo sapiens,Calis1
VLFSSDFRI,Positive,HLA-A0201,Cited reference,Homo sapiens,Calis1
VLFVMFLSLI,Positive,HLA-A0201,Cited reference,Homo sapiens,Calis1
VLHDDLLEA,Positive,HLA-A0201,Cited reference,Homo sapiens,Calis1
VLHDDLLEA,Positive,HLA-A0206,Cited reference,Homo sapiens,Calis1
VLHKRTLGL,Positive,HLA-A0201,Cited reference,Homo sapiens,Calis1
VLLCVCLLI,Positive,HLA-A0201,Cited reference,Homo sapiens,Calis1
VLLLVTHYA,Positive,HLA-A0201,Cited reference,Homo sapiens,Calis1
VLLLWITAA,Positive,HLA-A0201,Cited reference,Homo sapiens,Calis1
VLLMRTTWA,Positive,HLA-A0201,Cited reference,Homo sapiens,Calis1
VLLNAPSEA,Positive,HLA-A0201,Cited reference,Homo sapiens,Calis1
VLLNGWRWRL,Positive,HLA-A0201,Cited reference,Homo sapiens,Calis1
VLLPVLFGV,Positive,HLA-A0201,Cited reference,Homo sapiens,Calis1
VLLPVLFGV,Positive,HLA-A0202,Cited reference,Homo sapiens,Calis1
VLLPVLFGV,Positive,HLA-A0203,Cited reference,Homo sapiens,Calis1
VLLPVLFGV,Positive,HLA-A0206,Cited reference,Homo sapiens,Calis1
VLMLVAHYA,Positive,HLA-A0201,Cited reference,Homo sapiens,Calis1
VLNDILSRL,Positive,HLA-A0201,Cited reference,Homo sapiens,Calis1
VLQAGFFIL,Positive,HLA-A0201,Cited reference,Homo sapiens,Calis1
VLQELNVTV,Positive,HLA-A0201,Cited reference,Homo sapiens,Calis1
VLQWASLAV,Positive,HLA-A0201,Cited reference,Homo sapiens,Calis1
VLRDDLLEA,Positive,HLA-A0201,Cited reference,Homo sapiens,Calis1
VLSDFKSWL,Positive,HLA-A0201,Cited reference,Homo sapiens,Calis1
VLSDFKTWL,Positive,HLA-A0201,Cited reference,Homo sapiens,Calis1
VLSDFRTWL,Positive,HLA-A0201,Cited reference,Homo sapiens,Calis1
VLSDGNPPQV,Positive,HLA-A0201,Cited reference,Homo sapiens,Calis1
VLTDFKTWL,Positive,HLA-A0201,Cited reference,Homo sapiens,Calis1
VLTDGNPPEV,Positive,HLA-A0201,Cited reference,Homo sapiens,Calis1
VLVGGVLAA,Positive,HLA-A0201,Cited reference,Homo sapiens,Calis1
VMACLVPAA,Positive,HLA-A0201,Cited reference,Homo sapiens,Calis1
VMATLLPPV,Positive,HLA-A0201,Cited reference,Homo sapiens,Calis1
VMMSCSSEA,Positive,HLA-A0201,Cited reference,Homo sapiens,Calis1
VMNILLQYV,Positive,HLA-A0201,Cited reference,Homo sapiens,Calis1
VMNILLQYVV,Positive,HLA-A0201,Cited reference,Homo sapiens,Calis1
VPAPAGPIV,Positive,HLA-B0702,Cited reference,Homo sapiens,Calis1
VPGSETMCY,Positive,HLA-B3501,Cited reference,Homo sapiens,Calis1
VPLRPMTY,Positive,HLA-B3501,Cited reference,Homo sapiens,Calis1
VPRPRFSAL,Positive,HLA-B0702,Cited reference,Homo sapiens,Calis1
VSDGGPNLY,Positive,HLA-A0101,Cited reference,Homo sapiens,Calis1
VSEKYTDMY,Positive,HLA-A0101,Cited reference,Homo sapiens,Calis1
VSEKYTDMY,Positive,HLA-A3002,Cited reference,Homo sapiens,Calis1
VSFIEFVGW,Positive,HLA-B5801,Cited reference,Homo sapiens,Calis1
VSVNNVCHMY,Positive,HLA-A0101,Cited reference,Homo sapiens,Calis1
VTDNNRSFY,Positive,HLA-A0101,Cited reference,Homo sapiens,Calis1
VTDTNKFDNY,Positive,HLA-A0101,Cited reference,Homo sapiens,Calis1
VTDTNKFDNY,Positive,HLA-A3002,Cited reference,Homo sapiens,Calis1
VTEHDTLLY,Positive,HLA-A0101,Cited reference,Homo sapiens,Calis1
VTEQYGNLEK,Positive,HLA-A1101,Cited reference,Homo sapiens,Calis1
VTSSGAIYK,Positive,HLA-A0301,Cited reference,Homo sapiens,Calis1
VTSSGAIYK,Positive,HLA-A1101,Cited reference,Homo sapiens,Calis1
VVFVVFMGV,Positive,HLA-A0201,Cited reference,Homo sapiens,Calis1
VVIAAISMYK,Positive,HLA-A0301,Cited reference,Homo sapiens,Calis1
VVIAAISMYK,Positive,HLA-A1101,Cited reference,Homo sapiens,Calis1
VVLDSLDPMV,Positive,HLA-A0201,Cited reference,Homo sapiens,Calis1
VVMACLVPAA,Positive,HLA-A0201,Cited reference,Homo sapiens,Calis1
VWINNSWKF,Positive,HLA-A2301,Cited reference,Homo sapiens,Calis1
VWINNSWKF,Positive,HLA-A2402,Cited reference,Homo sapiens,Calis1
VYDFAFQDL,Positive,HLA-A2402,Cited reference,Homo sapiens,Calis1
VYINHPFMY,Positive,HLA-A2902,Cited reference,Homo sapiens,Calis1
VYLFSLVVL,Positive,HLA-A2402,Cited reference,Homo sapiens,Calis1
WAKWRLQTL,Positive,HLA-B0801,Cited reference,Homo sapiens,Calis1
WATESPIYV,Positive,HLA-A0201,Cited reference,Homo sapiens,Calis1
WFDISYTIYK,Positive,HLA-A1101,Cited reference,Homo sapiens,Calis1
WIIKNSWTA,Positive,HLA-A0201,Cited reference,Homo sapiens,Calis1
WLPFGFILI,Positive,HLA-A0201,Cited reference,Homo sapiens,Calis1
WLSDCGEAL,Positive,HLA-A0201,Cited reference,Homo sapiens,Calis1
WLSLKTLLSL,Positive,HLA-A0201,Cited reference,Homo sapiens,Calis1
WLSLLVPFV,Positive,HLA-A0201,Cited reference,Homo sapiens,Calis1
WLSLLVPFV,Positive,HLA-A0202,Cited reference,Homo sapiens,Calis1
WLYPGAQNL,Positive,HLA-A0201,Cited reference,Homo sapiens,Calis1
WMDSTKATRY,Positive,HLA-A0101,Cited reference,Homo sapiens,Calis1
WPAPPGARSM,Positive,HLA-B0702,Cited reference,Homo sapiens,Calis1
WPRERAWAL,Positive,HLA-B0702,Cited reference,Homo sapiens,Calis1
WPRTTPTFL,Positive,HLA-B0702,Cited reference,Homo sapiens,Calis1
YGDDVIASY,Positive,HLA-A0101,Cited reference,Homo sapiens,Calis1
YICEEASVTV,Positive,HLA-A0201,Cited reference,Homo sapiens,Calis1
YIDDVVLGA,Positive,HLA-A0201,Cited reference,Homo sapiens,Calis1
YIFAVLLVCV,Positive,HLA-A0201,Cited reference,Homo sapiens,Calis1
YIGEVLVSV,Positive,HLA-A0201,Cited reference,Homo sapiens,Calis1
YIGSGDSPV,Positive,HLA-A0201,Cited reference,Homo sapiens,Calis1
YIIFVYIPL,Positive,HLA-A0201,Cited reference,Homo sapiens,Calis1
YIIIGDSPV,Positive,HLA-A0201,Cited reference,Homo sapiens,Calis1
YIILGDSPV,Positive,HLA-A0201,Cited reference,Homo sapiens,Calis1
YIISGDLPV,Positive,HLA-A0201,Cited reference,Homo sapiens,Calis1
YIISGDSPL,Positive,HLA-A0201,Cited reference,Homo sapiens,Calis1
YIISGDSWV,Positive,HLA-A0201,Cited reference,Homo sapiens,Calis1
YIISGISPV,Positive,HLA-A0201,Cited reference,Homo sapiens,Calis1
YILEETSVM,Positive,HLA-A0201,Cited reference,Homo sapiens,Calis1
YIVRWEWVV,Positive,HLA-A0201,Cited reference,Homo sapiens,Calis1
YIYGIPLSL,Positive,HLA-A0201,Cited reference,Homo sapiens,Calis1
YLAYRNQSL,Positive,HLA-A0201,Cited reference,Homo sapiens,Calis1
YLDKVRATV,Positive,HLA-A0201,Cited reference,Homo sapiens,Calis1
YLDLLFQIL,Positive,HLA-A0201,Cited reference,Homo sapiens,Calis1
YLDLLFQILL,Positive,HLA-A0201,Cited reference,Homo sapiens,Calis1
YLDPAQQNL,Positive,HLA-A0201,Cited reference,Homo sapiens,Calis1
YLEKESIYY,Positive,HLA-A0101,Cited reference,Homo sapiens,Calis1
YLESFCEDV,Positive,HLA-A0201,Cited reference,Homo sapiens,Calis1
YLFGGFSTL,Positive,HLA-A0201,Cited reference,Homo sapiens,Calis1
YLFRCVDAV,Positive,HLA-A0201,Cited reference,Homo sapiens,Calis1
YLFSLVVLV,Positive,HLA-A0201,Cited reference,Homo sapiens,Calis1
YLHDPEFNL,Positive,HLA-A0201,Cited reference,Homo sapiens,Calis1
YLIKLIEPV,Positive,HLA-A0201,Cited reference,Homo sapiens,Calis1
YLISGDSPV,Positive,HLA-A0201,Cited reference,Homo sapiens,Calis1
YLKKIQNSL,Positive,HLA-A0201,Cited reference,Homo sapiens,Calis1
YLLADTFTV,Positive,HLA-A0201,Cited reference,Homo sapiens,Calis1
YLLEMLWRL,Positive,HLA-A0201,Cited reference,Homo sapiens,Calis1
YLLKPVQRI,Positive,HLA-A0201,Cited reference,Homo sapiens,Calis1
YLLLRVLNI,Positive,HLA-A0201,Cited reference,Homo sapiens,Calis1
YLLPAIVHI,Positive,HLA-A0201,Cited reference,Homo sapiens,Calis1
YLLPEAEEI,Positive,HLA-A0201,Cited reference,Homo sapiens,Calis1
YLLPRPGPRL,Positive,HLA-A0201,Cited reference,Homo sapiens,Calis1
YLLPRRGPRL,Positive,HLA-A0201,Cited reference,Homo sapiens,Calis1
YLLPRRGPRL,Positive,HLA-A0206,Cited reference,Homo sapiens,Calis1
YLLVKWYRK,Positive,HLA-A0301,Cited reference,Homo sapiens,Calis1
YLNKIQNSL,Positive,HLA-A0201,Cited reference,Homo sapiens,Calis1
YLNRHLHTWI,Positive,HLA-A0201,Cited reference,Homo sapiens,Calis1
YLQQNTHTL,Positive,HLA-A0201,Cited reference,Homo sapiens,Calis1
YLQQNWWTL,Positive,HLA-A0201,Cited reference,Homo sapiens,Calis1
YLSGANLNL,Positive,HLA-A0201,Cited reference,Homo sapiens,Calis1
YLVAYQATV,Positive,HLA-A0201,Cited reference,Homo sapiens,Calis1
YLVTRHADV,Positive,HLA-A0201,Cited reference,Homo sapiens,Calis1
YLYQLSPPI,Positive,HLA-A0201,Cited reference,Homo sapiens,Calis1
YLYTEYFLFL,Positive,HLA-A0201,Cited reference,Homo sapiens,Calis1
YMIPSIRNSI,Positive,HLA-A0201,Cited reference,Homo sapiens,Calis1
YMLDLQPET,Positive,HLA-A0201,Cited reference,Homo sapiens,Calis1
YMLDLQPETT,Positive,HLA-A0201,Cited reference,Homo sapiens,Calis1
YMLILHPET,Positive,HLA-A0201,Cited reference,Homo sapiens,Calis1
YMNGTMSQV,Positive,HLA-A0201,Cited reference,Homo sapiens,Calis1
YMNSIRLYA,Positive,HLA-A0201,Cited reference,Homo sapiens,Calis1
YPLHEQHGM,Positive,HLA-B3501,Cited reference,Homo sapiens,Calis1
YPLHEQYGM,Positive,HLA-B3501,Cited reference,Homo sapiens,Calis1
YPLTFGWCY,Positive,HLA-B1801,Cited reference,Homo sapiens,Calis1
YPLTFGWCY,Positive,HLA-B3501,Cited reference,Homo sapiens,Calis1
YPLTFGWCY,Positive,HLA-B5301,Cited reference,Homo sapiens,Calis1
YRIQGKLEY,Positive,HLA-B2705,Cited reference,Homo sapiens,Calis1
YRLLLTRVL,Positive,HLA-B2705,Cited reference,Homo sapiens,Calis1
YSLEYFQFV,Positive,HLA-A0201,Cited reference,Homo sapiens,Calis1
YTCPLCRAPV,Positive,HLA-A0201,Cited reference,Homo sapiens,Calis1
YTFWEVNLK,Positive,HLA-A1101,Cited reference,Homo sapiens,Calis1
YTMDGEYRL,Positive,HLA-A0201,Cited reference,Homo sapiens,Calis1
YTPDSTPCHR,Positive,HLA-A6801,Cited reference,Homo sapiens,Calis1
YVDDVVLGA,Positive,HLA-A0201,Cited reference,Homo sapiens,Calis1
YVLDHLIVV,Positive,HLA-A0201,Cited reference,Homo sapiens,Calis1
YVLEETSVM,Positive,HLA-A0201,Cited reference,Homo sapiens,Calis1
YVNAILYQI,Positive,HLA-A0201,Cited reference,Homo sapiens,Calis1
