Peptide,MHC,Immunogenicity
TLLQQYCLYL,A*0201,Positive
ALQAIELQL,A*0201,Positive
TLQDVSLEV,A*0201,Positive
YICEEASVTV,A*0201,Positive
FLLCFCVLL,A*0201,Positive
VLLCVCLLI,A*0201,Positive
VLLLWITAA,A*0201,Positive
YIIFVYIPL,A*0201,Positive
KVLIRCYLC,A*0201,Positive
SIDQLCKTF,A*0201,Positive
TIHDIILECV,A*0201,Positive
FAFRDLCIV,A*0201,Positive
KLPQLCTEL,A*0201,Positive
LQTTIHDII,A*0201,Positive
KLPDLCTEL,A*0201,Positive
KCIDFYSRI,A*0201,Positive
KTVLELTE,A*0201,Positive
ELTEVFEFA,A*0201,Positive
FAFKDLFVV,A*0201,Positive
KLTNTGLYNL,A*0201,Positive
KTVLELTEV,A*0201,Positive
LQDIEITCV,A*0201,Positive
SLQDIEITCV,A*0201,Positive
NLLIRCLRC,A*0201,Positive
DLLLGTLNI,A*0201,Positive
LLLGTLNIV,A*0201,Positive
LQPPDPVGL,A*0201,Positive
PLTQHYQIL,A*0201,Positive
TLKDIVLDL,A*0201,Positive
TLHEYMLDL,A*0201,Positive
LLMGTLGIV,A*0201,Positive
TLGIVCPI,A*0201,Positive
RAHYNIVTF,A*0201,Positive
YMLDLQPET,A*0201,Positive
GTLGIVCPI,A*0201,Positive
MLDLQPETT,A*0201,Positive
TLGIVCPIC,A*0201,Positive
YMLDLQPETT,A*0201,Positive
TLQDIVLHL,A*0201,Positive
FQQLFLNTL,A*0201,Positive
LFLNTLSFVCPWCASQQ,A*0201,Positive
PQRHTMLCMCCKCEARIKLV,A*0201,Positive
SEEENDEIDGVNHQHLPARR,A*0201,Positive
LFLNTLSFV,A*0201,Positive
YILDLQPETT,A*0201,Positive
ICWGNQLFV,A*0201,Positive
FQQLFLSTL,A*0201,Positive
VYDFAFRDL,A*2402,Positive
CYSLYGTTL,A*2402,Positive
PYAVCDKCL,A*2402,Positive
EYRHYCYSL,A*2402,Positive
QYNKPLCDL,A*2402,Positive
LMGTLGIVCPI,A*2402,Positive
CDSTLRLCV,A*2402,Positive
LCVQSTHVDI,A*2402,Positive
HNIRGRWTGR,A*6801,Positive
LLIRCINCQK,A11,Positive
KCLNEILIR,A11,Positive
KVCLRLLSK,A11,Positive
GIVCPICSQK,A11,Positive
CTIVCPSCA,A11,Positive
YTFWEVNLK,A11,Positive
RVRLPDPNK,A11,Positive
AVPDDLYIK,A11,Positive
TSESQLFNK,A11,Positive
ATEVRTLQQ,A11,Positive
LCINSTATE,A11,Positive
LLQQYCLYL,A2,Positive
ELQTTIHDIILECVY,A2,Positive
ILIRCIICQ,A2,Positive
RLVTLKDIV,A2,Positive
HVDIRTLED,A2,Positive
MHGDTPTLHEYMLDL,A2,Positive
TPTLHEYMLDLQPET,A2,Positive
QLFLNTLSFV,A2,Positive
QLFLSTLSFV,A2,Positive
KFYSKISEY,A24,Positive
YGTTLEQQYN,A24,Positive
QYNKPLCDLL,A24,Positive
KYTFWEVNL,A24,Positive
VYDFAFQDL,A24,Positive
IHSMNSTIL,B*3901,Positive
IHSMNSSIL,B*3901,Positive
HDIILECV,B*4002,Positive
TIHDIILEC,B*4801,Positive
SSRTRRETQL,B14,Positive
ISEYRHYCY,B18,Positive
QAEPDRAHY,B18,Positive
GRWTGRCMSC,B27,Positive
RWTGRCMSCC,B27,Positive
FAFRDLCIVY,B35,Positive
TLHEYMLDL,B48,Positive
FAFRDLCIVY,B57,Positive
LEDLLMGTL,B60,Positive
KFYSKISEY,B62,Positive
QERPRKLPQL,B7,Positive
TLHEYMLDL,B8,Positive
CCKCDSTL,B8,Positive
NVFPIFLQM,Cw4,Positive
