Peptide,Immunogenicity,ImmunogenicityEvidence,MHC,MHCEvidence,Dataset
GELDRWEKI,Positive,Cited reference,B*4002,Cited reference,HIV
KIRLRPGGK,Positive,Cited reference,A*0301,Cited reference,HIV
IRLRPGGKK,Positive,Cited reference,B*2705,Cited reference,HIV
RLRPGGKKK,Positive,Cited reference,A*0301,Cited reference,HIV
RLRPGGKKKY,Positive,Cited reference,A*0301,Cited reference,HIV
RPGGKKKYKL,Positive,Cited reference,B*5101,Cited reference,HIV
GGKKKYKLK,Positive,Cited reference,B*0801,Cited reference,HIV
KYKLKHIVW,Positive,Cited reference,A*2402,Cited reference,HIV
HLVWASREL,Positive,Cited reference,Cw*0804,Cited reference,HIV
LVWASRELERF,Positive,Cited reference,A30,Cited reference,HIV
WASRELERF,Positive,Cited reference,B*3501,Cited reference,HIV
ELRSLYNTV,Positive,Cited reference,B*0801,Cited reference,HIV
RSLYNTVATLY,Positive,Cited reference,"A*3002, B58, B63",Cited reference,HIV
SLYNTVATL,Positive,Cited reference,"A*0201, A*0202, A*0205",Cited reference,HIV
SLYNTVATLY,Positive,Cited reference,A*0201,Cited reference,HIV
LYNTVATL,Positive,Cited reference,Cw14,Cited reference,HIV
LYNTVATLY,Positive,Cited reference,"A*2902, B*4403",Cited reference,HIV
TLYCVHQK,Positive,Cited reference,A*1101,Cited reference,HIV
IEIKDTKEAL,Positive,Cited reference,B*4001,Cited reference,HIV
NSSKVSQNY,Positive,Cited reference,B*3501,Cited reference,HIV
VQNLQGQMV,Positive,Cited reference,B13,Cited reference,HIV
HQAISPRTL,Positive,Cited reference,B*1510,Cited reference,HIV
QAISPRTLNAW,Positive,Cited reference,A*2501,Cited reference,HIV
ISPRTLNAW,Positive,Cited reference,"B*5701, B63",Cited reference,HIV
SPRTLNAWV,Positive,Cited reference,B*0702,Cited reference,HIV
VKVIEEKAF,Positive,Cited reference,B*1503,Cited reference,HIV
EEKAFSPEV,Positive,Cited reference,B*4415,Cited reference,HIV
KAFSPEVI,Positive,Cited reference,B*5703,Cited reference,HIV
KAFSPEVIPMF,Positive,Cited reference,"B*5701, B*5703, B63",Cited reference,HIV
FSPEVIPMF,Positive,Cited reference,B57,Cited reference,HIV
EVIPMFSAL,Positive,Cited reference,"A*2601, A*2602, A*2603",Cited reference,HIV
VIPMFSAL,Positive,Cited reference,Cw*0102,Cited reference,HIV
SEGATPQDL,Positive,Cited reference,B*4001,Cited reference,HIV
TPQDLNTML,Positive,Cited reference,"B*0702, B*3910, B*4201, B*8101, Cw*0802",Cited reference,HIV
TPQDLNMML,Positive,Cited reference,B53,Cited reference,HIV
TPYDINQML,Positive,Cited reference,B*5301,Cited reference,HIV
GHQAAMQML,Positive,Cited reference,"B*1510, B*3901",Cited reference,HIV
KETINEEAA,Positive,Cited reference,B*4002,Cited reference,HIV
ETINEEAAEW,Positive,Cited reference,A*2501,Cited reference,HIV
AEWDRVHPV,Positive,Cited reference,B*4002,Cited reference,HIV
HPVHAGPIA,Positive,Cited reference,"B*3501, B7",Cited reference,HIV
GQMREPRGSDI,Positive,Cited reference,B13,Cited reference,HIV
TSTLQEQIGW,Positive,Cited reference,"B*5701, B*5801",Cited reference,HIV
NPPIPVGDIY,Positive,Cited reference,B*3501,Cited reference,HIV
PPIPVGDIY,Positive,Cited reference,B*3501,Cited reference,HIV
EIYKRWII,Positive,Cited reference,B*0801,Cited reference,HIV
RRWIQLGLQK,Positive,Cited reference,B*2703,Cited reference,HIV
KRWIILGLNK,Positive,Cited reference,B*2705,Cited reference,HIV
GLNKIVRMY,Positive,Cited reference,"B*1501, B62",Cited reference,HIV
VRMYSPVSI,Positive,Cited reference,Cw18,Cited reference,HIV
RMYSPTSI,Positive,Cited reference,B*5201,Cited reference,HIV
YSPVSILDI,Positive,Cited reference,Cw*0102,Cited reference,HIV
FRDYVDRFF,Positive,Cited reference,Cw18,Cited reference,HIV
FRDYVDRFYK,Positive,Cited reference,B*1801,Cited reference,HIV
RDYVDRFFKTL,Positive,Cited reference,A*2402,Cited reference,HIV
RDYVDRFYKTL,Positive,Cited reference,B*4402,Cited reference,HIV
YVDRFYKTL,Positive,Cited reference,A*0207,Cited reference,HIV
YVDRFFKTL,Positive,Cited reference,"B*1503, Cw*0303, Cw*0304",Cited reference,HIV
DRFYKTLRA,Positive,Cited reference,B*1402,Cited reference,HIV
AEQASQDVKNW,Positive,Cited reference,B*4402,Cited reference,HIV
AEQASQEVKNWM,Positive,Cited reference,Cw5,Cited reference,HIV
QASQEVKNW,Positive,Cited reference,"B*5301, B*5701, B*5801",Cited reference,HIV
VKNWMTETL,Positive,Cited reference,B*4801,Cited reference,HIV
DCKTILKAL,Positive,Cited reference,B*0801,Cited reference,HIV
ACQGVGGPGHK,Positive,Cited reference,A*1101,Cited reference,HIV
GPGHKARVL,Positive,Cited reference,B*0702,Cited reference,HIV
AEAMSQVTNS,Positive,Cited reference,B*4501,Cited reference,HIV
CRAPRKKGC,Positive,Cited reference,B14,Cited reference,HIV
TERQANFL,Positive,Cited reference,B*4002,Cited reference,HIV
RQANFLGKI,Positive,Cited reference,"B*4801, B13",Cited reference,HIV
FLGKIWPSYK,Positive,Cited reference,A*0201,Cited reference,HIV
KELYPLTSL,Positive,Cited reference,B*4001,Cited reference,HIV
NSPTRREL,Positive,Cited reference,Cw*0102,Cited reference,HIV
ITLWQRPLV,Positive,Cited reference,"A*6802, A*7401",Cited reference,HIV
DTVLEEWNL,Positive,Cited reference,A*6802,Cited reference,HIV
EEMNLPGRW,Positive,Cited reference,B44,Cited reference,HIV
RQYDQILIEI,Positive,Cited reference,B13,Cited reference,HIV
GKKAIGTVL,Positive,Cited reference,B*1503,Cited reference,HIV
KAIGTVLV,Positive,Cited reference,B57,Cited reference,HIV
LVGPTPVNI,Positive,Cited reference,A*0201,Cited reference,HIV
TPVNIIGRNML,Positive,Cited reference,B81,Cited reference,HIV
FPISPIETV,Positive,Cited reference,B*5401,Cited reference,HIV
IETVPVKL,Positive,Cited reference,B*4001,Cited reference,HIV
GPKVKQWPL,Positive,Cited reference,B*0801,Cited reference,HIV
ALVEICTEM,Positive,Cited reference,A*0201,Cited reference,HIV
ALVEICTEMEK,Positive,Cited reference,A*0301,Cited reference,HIV
KLVDFRELNK,Positive,Cited reference,A*0301,Cited reference,HIV
GIPHPAGLK,Positive,Cited reference,A*0301,Cited reference,HIV
TVLDVGDAY,Positive,Cited reference,B*3501,Cited reference,HIV
VPLDEDFRKY,Positive,Cited reference,B*3501,Cited reference,HIV
YTAFTIPSV,Positive,Cited reference,A2,Cited reference,HIV
TAFTIPSI,Positive,Cited reference,B*5101,Cited reference,HIV
NETPGIRYQY,Positive,Cited reference,B18,Cited reference,HIV
IRYQYNVL,Positive,Cited reference,B*1401,Cited reference,HIV
LPQGWKGSPA,Positive,Cited reference,B*5401,Cited reference,HIV
SPAIFQSSM,Positive,Cited reference,B7,Cited reference,HIV
AIFQSSMTK,Positive,Cited reference,"A*0301, A*1101",Cited reference,HIV
KQNPDIVIY,Positive,Cited reference,"A*3002, Cw*1202",Cited reference,HIV
NPEIVIYQY,Positive,Cited reference,B18,Cited reference,HIV
HPDIVIYQY,Positive,Cited reference,B*3501,Cited reference,HIV
VIYQYMDDL,Positive,Cited reference,A*0201,Cited reference,HIV
IEELRQHLL,Positive,Cited reference,B*4001,Cited reference,HIV
IVLPEKDSW,Positive,Cited reference,B*5701,Cited reference,HIV
LVGKLNWASQIY,Positive,Cited reference,B*1501,Cited reference,HIV
KLNWASQIY,Positive,Cited reference,A*3002,Cited reference,HIV
QIYPGIKVR,Positive,Cited reference,A*0301,Cited reference,HIV
YPGIKVRQL,Positive,Cited reference,B*4201,Cited reference,HIV
IPLTEEAEL,Positive,Cited reference,"B*3501, B*5101",Cited reference,HIV
ILKEPVHGV,Positive,Cited reference,A*0201,Cited reference,HIV
ILKEPVHGVY,Positive,Cited reference,"B*1501, Cw*1202",Cited reference,HIV
GQGQWTYQI,Positive,Cited reference,B13,Cited reference,HIV
IYQEPFKNLK,Positive,Cited reference,A*1101,Cited reference,HIV
RMRGAHTNDV,Positive,Cited reference,A*3002,Cited reference,HIV
RMRGAHTNDVK,Positive,Cited reference,A*0301,Cited reference,HIV
IAMESIVIW,Positive,Cited reference,B*5801,Cited reference,HIV
PIQKETWETW,Positive,Cited reference,A*3201,Cited reference,HIV
GAETFYVDGA,Positive,Cited reference,A*6802,Cited reference,HIV
ETFYVDGAANR,Positive,Cited reference,A66,Cited reference,HIV
ETKLGKAGY,Positive,Cited reference,A*2601,Cited reference,HIV
IVTDSQYAL,Positive,Cited reference,Cw*0802,Cited reference,HIV
VTDSQYALGI,Positive,Cited reference,B*1503,Cited reference,HIV
QIIEQLIKK,Positive,Cited reference,A*1101,Cited reference,HIV
LFLDGIDKA,Positive,Cited reference,B81,Cited reference,HIV
LPPIVAKEI,Positive,Cited reference,B*4201,Cited reference,HIV
THLEGKIIL,Positive,Cited reference,B*1510,Cited reference,HIV
HVASGYIEA,Positive,Cited reference,B*5401,Cited reference,HIV
IEAEVIPAET,Positive,Cited reference,B*4002,Cited reference,HIV
HTDNGSNF,Positive,Cited reference,Cw5,Cited reference,HIV
STTVKAACWW,Positive,Cited reference,B57,Cited reference,HIV
IQQEFGIPY,Positive,Cited reference,B*1503,Cited reference,HIV
VRDQAEHL,Positive,Cited reference,Cw18,Cited reference,HIV
KTAVQMAVF,Positive,Cited reference,B*5701,Cited reference,HIV
AVFIHNFKRK,Positive,Cited reference,"A*0301, A*1101",Cited reference,HIV
FKRKGGIGGY,Positive,Cited reference,B*1503,Cited reference,HIV
KRKGGIGGY,Positive,Cited reference,B*2705,Cited reference,HIV
GERIVDII,Positive,Cited reference,B*4002,Cited reference,HIV
IIATDIQTK,Positive,Cited reference,A11,Cited reference,HIV
KIQNFRVYY,Positive,Cited reference,A*3002,Cited reference,HIV
VPRRKAKII,Positive,Cited reference,B42,Cited reference,HIV
RKAKIIRDY,Positive,Cited reference,B*1503,Cited reference,HIV
RIRTWKSLVK,Positive,Cited reference,A*0301,Cited reference,HIV
HMYISKKAK,Positive,Cited reference,A*0301,Cited reference,HIV
ISKKAKGWF,Positive,Cited reference,B*5701,Cited reference,HIV
HPRVSSEVHI,Positive,Cited reference,B*0702,Cited reference,HIV
IPLGDAKLII,Positive,Cited reference,B51,Cited reference,HIV
WHLGHGVSI,Positive,Cited reference,B*1510,Cited reference,HIV
WHLGQGVSI,Positive,Cited reference,B*3801,Cited reference,HIV
LGHGVSIEW,Positive,Cited reference,B*5703,Cited reference,HIV
LADQLIHLHY,Positive,Cited reference,B*1801,Cited reference,HIV
KTKPPLPSVKK,Positive,Cited reference,A*0301,Cited reference,HIV
EAVRHFPRI,Positive,Cited reference,B51,Cited reference,HIV
AVRHFPRIW,Positive,Cited reference,B*5701,Cited reference,HIV
VRHFPRIWL,Positive,Cited reference,B27,Cited reference,HIV
FPRIWLHGL,Positive,Cited reference,"B*0702, B*8101",Cited reference,HIV
ETYGDTWTGV,Positive,Cited reference,A*6802,Cited reference,HIV
DTWAGVEAIIR,Positive,Cited reference,A*6801,Cited reference,HIV
AIIRILQQL,Positive,Cited reference,A*0201,Cited reference,HIV
CCFHCQVC,Positive,Cited reference,Cw12,Cited reference,HIV
FQTKGLGISY,Positive,Cited reference,B*1503,Cited reference,HIV
ITKGLGISYGR,Positive,Cited reference,A*6801,Cited reference,HIV
KAVRLIKFLY,Positive,Cited reference,"B*5701, B*5801, B63",Cited reference,HIV
QAVRIIKILY,Positive,Cited reference,B*5703,Cited reference,HIV
ERILSTYLGR,Positive,Cited reference,A*0301,Cited reference,HIV
RPAEPVPLQL,Positive,Cited reference,B7,Cited reference,HIV
SAEPVPLQL,Positive,Cited reference,Cw*0501,Cited reference,HIV
YRLGVGALI,Positive,Cited reference,Cw18,Cited reference,HIV
EYRKILRQR,Positive,Cited reference,A*3303,Cited reference,HIV
RVKEKYQHL,Positive,Cited reference,B*0801,Cited reference,HIV
AENLWVTVY,Positive,Cited reference,"B*1801, B44",Cited reference,HIV
AENLWVTVYY,Positive,Cited reference,B*4402,Cited reference,HIV
TVYYGVPVWK,Positive,Cited reference,A*0301,Cited reference,HIV
VPVWKEATTT,Positive,Cited reference,B*5501,Cited reference,HIV
VPVWKEATTTL,Positive,Cited reference,B*3501,Cited reference,HIV
LFCASDAKAY,Positive,Cited reference,A*2402,Cited reference,HIV
KAYETEVHNVW,Positive,Cited reference,B58,Cited reference,HIV
YETEVHNVW,Positive,Cited reference,B*1801,Cited reference,HIV
DPNPQEVVL,Positive,Cited reference,B*3501,Cited reference,HIV
MHEDIISLW,Positive,Cited reference,B*3801,Cited reference,HIV
SVITQACPK,Positive,Cited reference,A*1101,Cited reference,HIV
SFEPIPIHY,Positive,Cited reference,A*2902,Cited reference,HIV
CAPAGFAIL,Positive,Cited reference,Cw1,Cited reference,HIV
RPNNNTRKSI,Positive,Cited reference,B*0702,Cited reference,HIV
HIGPGRAFY,Positive,Cited reference,A*3002,Cited reference,HIV
RGPGRAFVTI,Positive,Cited reference,A*0201,Cited reference,HIV
EIIGDIRQAY,Positive,Cited reference,A*2501,Cited reference,HIV
SFNCGGEFF,Positive,Cited reference,"B*1516, Cw*0401",Cited reference,HIV
LPCRIKQII,Positive,Cited reference,B*5101,Cited reference,HIV
RIKQIINMW,Positive,Cited reference,A*3201,Cited reference,HIV
RAIEAQQHL,Positive,Cited reference,"Cw*0304, Cw15",Cited reference,HIV
RAIEAQQHM,Positive,Cited reference,Cw8,Cited reference,HIV
QTRVLAIERYL,Positive,Cited reference,B*5802,Cited reference,HIV
ERYLKDQQL,Positive,Cited reference,B*1402,Cited reference,HIV
RYLKDQQLL,Positive,Cited reference,"A*2402, A23",Cited reference,HIV
YLKDQQLL,Positive,Cited reference,B*0801,Cited reference,HIV
TAVPWNASW,Positive,Cited reference,B*3501,Cited reference,HIV
VFAVLSIVNR,Positive,Cited reference,A*3303,Cited reference,HIV
IVNRNRQGY,Positive,Cited reference,A*3002,Cited reference,HIV
RLRDLLLIVTR,Positive,Cited reference,"A*0301, A*3101",Cited reference,HIV
IVTRIVELL,Positive,Cited reference,A*6802,Cited reference,HIV
GRRGWEALKY,Positive,Cited reference,B*2705,Cited reference,HIV
RRGWEVLKY,Positive,Cited reference,A*0101,Cited reference,HIV
KYCWNLLQY,Positive,Cited reference,A*3002,Cited reference,HIV
QELKNSAVSL,Positive,Cited reference,B*4001,Cited reference,HIV
SLLNATDIAV,Positive,Cited reference,A*0201,Cited reference,HIV
LLNATDIAV,Positive,Cited reference,A*0201,Cited reference,HIV
EVAQRAYR,Positive,Cited reference,A*3303,Cited reference,HIV
IPRRIRQGL,Positive,Cited reference,B*0702,Cited reference,HIV
RIRQGLERA,Positive,Cited reference,A*0205,Cited reference,HIV
RQGLERALL,Positive,Cited reference,B8,Cited reference,HIV
WPTVRERM,Positive,Cited reference,B*0801,Cited reference,HIV
RMRRAEPAA,Positive,Cited reference,B62,Cited reference,HIV
LEKHGAITS,Positive,Cited reference,"B*4001, B50",Cited reference,HIV
FPVTPQVPL,Positive,Cited reference,B*0702,Cited reference,HIV
FPVTPQVPLR,Positive,Cited reference,B*0702,Cited reference,HIV
TPQVPLRPM,Positive,Cited reference,B*0702,Cited reference,HIV
RPQVPLRPM,Positive,Cited reference,"B*4201, B*4202",Cited reference,HIV
RPQVPLRPMTY,Positive,Cited reference,B35,Cited reference,HIV
QVPLRPMTYK,Positive,Cited reference,"A*0301, A*1101",Cited reference,HIV
VPLRPMTY,Positive,Cited reference,B*3501,Cited reference,HIV
PLRPMTYK,Positive,Cited reference,A*1101,Cited reference,HIV
LRPMTYKAA,Positive,Cited reference,B*2703,Cited reference,HIV
RPMTYKAAL,Positive,Cited reference,B*0702,Cited reference,HIV
KAAFDLSFF,Positive,Cited reference,"B*5703, B*5801",Cited reference,HIV
KAAVDLSHFL,Positive,Cited reference,Cw8,Cited reference,HIV
GAFDLSFFL,Positive,Cited reference,A*0205,Cited reference,HIV
AAFDLSFFL,Positive,Cited reference,B*5703,Cited reference,HIV
AAVDLSHFL,Positive,Cited reference,Cw*0802,Cited reference,HIV
AALDLSHFL,Positive,Cited reference,Cw3,Cited reference,HIV
AVDLSHFLK,Positive,Cited reference,"A*0301, A*1101",Cited reference,HIV
FLKEKGGL,Positive,Cited reference,B*0801,Cited reference,HIV
KEKGGLEGL,Positive,Cited reference,"B*4001, B*4002",Cited reference,HIV
RRQDILDLWI,Positive,Cited reference,B*2705,Cited reference,HIV
RRQDILDLWVY,Positive,Cited reference,B18,Cited reference,HIV
KRQEILDLWVY,Positive,Cited reference,Cw7,Cited reference,HIV
RQDILDLWI,Positive,Cited reference,B13,Cited reference,HIV
RQDILDLWV,Positive,Cited reference,B*1302,Cited reference,HIV
HTQGYFPDW,Positive,Cited reference,"B*5703, B*5801, B57",Cited reference,HIV
TQGYFPDWQNY,Positive,Cited reference,B*1501,Cited reference,HIV
YFPDWQNYT,Positive,Cited reference,"A29, B*3501, Cw6",Cited reference,HIV
FPDWQNYTP,Positive,Cited reference,B*5401,Cited reference,HIV
YTPGPGIRY,Positive,Cited reference,"B57, B63",Cited reference,HIV
TPGPGVRYPL,Positive,Cited reference,"B*0702, B*4201, B*4202",Cited reference,HIV
TRYPLTFGW,Positive,Cited reference,A33,Cited reference,HIV
RYPLTFGW,Positive,Cited reference,A*2402,Cited reference,HIV
YPLTFGWCY,Positive,Cited reference,"B*1801, B*5301",Cited reference,HIV
YPLTFGWCF,Positive,Cited reference,B53,Cited reference,HIV
PLTFGWCYKL,Positive,Cited reference,A*0201,Cited reference,HIV
LTFGWCFKL,Positive,Cited reference,"B57, B63",Cited reference,HIV
VLEWRFDSRL,Positive,Cited reference,A*0201,Cited reference,HIV
WRFDSRLAF,Positive,Cited reference,B*1503,Cited reference,HIV
