Allele,Supertype
A*0101,A01
A*0102,Unclassified
A*0103,A01
A*0104,A01
A*0106,A01
A*0107,A01
A*0108,A01
A*0109,A01
A*0110,A01
A*0111,A01
A*0112,A01
A*0113,Unclassified
A*0114,A01
A*0115,A01
A*0201,A02
A*0202,A02
A*0203,A02
A*0204,A02
A*0205,A02
A*0206,A02
A*0207,A02
A*0208,Unclassified
A*0209,A02
A*0210,Unclassified
A*0211,A02
A*0212,A02
A*0213,A02
A*0214,A02
A*0215,A02
A*0216,A02
A*0217,A02
A*0218,A02
A*0219,A02
A*0220,A02
A*0221,A02
A*0222,A02
A*0224,A02
A*0225,A02
A*0226,A02
A*0227,A02
A*0228,A02
A*0229,Unclassified
A*0230,A02
A*0231,A02
A*0233,Unclassified
A*0234,Unclassified
A*0235,Unclassified
A*0236,A02
A*0237,A02
A*0238,A02
A*0239,A02
A*0240,A02
A*0241,A02
A*0242,A02
A*0243,A02
A*0244,A02
A*0245,A02
A*0246,A02
A*0247,A02
A*0248,A02
A*0249,A02
A*0250,A02
A*0251,A02
A*0252,A01 A03
A*0254,A02
A*0255,Unclassified
A*0256,A02
A*0257,A02
A*0258,A02
A*0259,A02
A*0260,A02
A*0261,A02
A*0262,A02
A*0263,A02
A*0264,Unclassified
A*0265,A03
A*0266,A02
A*0267,A02
A*0268,A02
A*0269,A02
A*0270,A02
A*0271,A02
A*0272,A02
A*0273,A02
A*0274,A02
A*0275,A02
A*0276,Unclassified
A*0277,A02
A*0278,A02
A*0279,A02
A*0280,A03
A*0281,Unclassified
A*0282,A02
A*0283,A02
A*0284,A02
A*0285,A02
A*0286,A02
A*0301,A03
A*0302,A03
A*0304,A03
A*0305,A03
A*0306,A03
A*0307,A03
A*0308,A03
A*0309,A03
A*0310,A03
A*0312,A03
A*0313,A03
A*0314,A03
A*0315,Unclassified
A*0316,A03
A*0317,A03
A*1101,A03
A*1102,A03
A*1103,A03
A*1104,A03
A*1105,A03
A*1106,A03
A*1107,A03
A*1108,A03
A*1109,A03
A*1110,A03
A*1111,Unclassified
A*1112,A03
A*1113,A03
A*1114,A03
A*1115,A03
A*1116,A03
A*1117,Unclassified
A*1118,Unclassified
A*1119,Unclassified
A*1120,A03
A*1121,A03
A*1122,A03
A*1123,A03
A*2301,A24
A*2302,A24
A*2303,A24
A*2304,A24
A*2305,A24
A*2306,A24
A*2307,A24
A*2308,A24
A*2309,Unclassified
A*2310,A24
A*2312,A24
A*2402,A24
A*2403,A24
A*2404,Unclassified
A*2405,A24
A*2406,A24
A*2407,Unclassified
A*2408,A24
A*2409,A24
A*2410,A24
A*2411,A24
A*2413,A24
A*2414,Unclassified
A*2415,Unclassified
A*2417,A24
A*2418,A24
A*2419,Unclassified
A*2420,A24
A*2421,A24
A*2422,A24
A*2423,A24
A*2424,Unclassified
A*2425,A24
A*2426,A24
A*2427,A24
A*2428,A24
A*2429,A24
A*2430,A24
A*2431,Unclassified
A*2432,Unclassified
A*2433,A24
A*2434,A24
A*2435,A24
A*2437,A24
A*2438,A24
A*2439,A24
A*2440,A24
A*2441,A24
A*2442,A24
A*2443,A24
A*2444,A24
A*2446,A24
A*2447,A24
A*2448,A24
A*2449,A24
A*2450,Unclassified
A*2451,Unclassified
A*2452,A24
A*2453,Unclassified
A*2501,A01
A*2502,A01
A*2503,Unclassified
A*2504,A01
A*2601,A01
A*2602,A01
A*2603,A01
A*2604,A01
A*2605,A01
A*2606,A01
A*2607,A01
A*2608,A01
A*2609,A01
A*2610,A01
A*2611,A01
A*2612,A01
A*2613,A01
A*2614,A01
A*2615,A01
A*2616,Unclassified
A*2617,A01
A*2618,A01
A*2619,A01
A*2620,Unclassified
A*2621,A01
A*2622,A01
A*2623,A01
A*2624,A01
A*2626,A01
A*2901,A01 A24
A*2902,A01 A24
A*2903,A01 A24
A*2904,Unclassified
A*2905,A01 A24
A*2906,A01 A24
A*2907,Unclassified
A*2909,A01 A24
A*2910,A01 A24
A*2911,A01 A24
A*2912,A01 A24
A*2913,A01 A24
A*2914,Unclassified
A*3001,A01 A03
A*3002,A01
A*3003,A01
A*3004,A01
A*3006,A01
A*3007,Unclassified
A*3008,A01 A03
A*3009,A01
A*3010,Unclassified
A*3011,A01 A03
A*3012,A01
A*3013,A01 A03
A*3014,A01 A03
A*3015,A01 A03
A*3101,A03
A*3102,Unclassified
A*3103,A03
A*3104,A03
A*3105,A03
A*3106,A03
A*3107,Unclassified
A*3108,Unclassified
A*3109,A03
A*3110,A01
A*3111,A03
A*3112,A03
A*3201,A01
A*3202,A01
A*3203,A01
A*3204,A01
A*3205,A01
A*3206,A01
A*3207,A01
A*3208,A01
A*3209,A01
A*3210,A01
A*3301,A03
A*3303,A03
A*3304,A03
A*3305,A03
A*3306,A03
A*3307,A03
A*3308,Unclassified
A*3401,Unclassified
A*3402,A03
A*3403,A03
A*3404,A03
A*3405,Unclassified
A*3406,A03
A*3601,A01
A*3602,A01
A*3603,A01
A*3604,A01
A*4301,Unclassified
A*6601,A03
A*6602,A03
A*6603,A03
A*6604,A03
A*6801,A03
A*6802,A02
A*6803,A03
A*6804,A03
A*6805,A03
A*6806,A01 A03
A*6807,A01 A03
A*6808,A03
A*6809,A03
A*6810,A03
A*6812,A03
A*6813,A03
A*6814,A03
A*6815,A02
A*6816,A03
A*6817,Unclassified
A*6819,A03
A*6820,A03
A*6821,A03
A*6822,A03
A*6823,A03
A*6824,A03
A*6825,A03
A*6826,A03
A*6827,A02
A*6828,A02
A*6901,A02
A*7401,A03
A*7402,A03
A*7403,A03
A*7404,A03
A*7405,A03
A*7406,A03
A*7407,A03
A*7408,A03
A*7409,A03
A*7410,A01
A*7411,A03
A*8001,A01
B*0702,B07
B*0703,B07
B*0704,B07
B*0705,B07
B*0706,B07
B*0707,B07
B*0708,Unclassified
B*0709,B07
B*0710,Unclassified
B*0711,Unclassified
B*0712,B07
B*0713,Unclassified
B*0714,B07
B*0715,B07
B*0716,B07
B*0717,B07
B*0718,B07
B*0719,B07
B*0720,B07
B*0721,B07
B*0722,B07
B*0723,B07
B*0724,B07
B*0725,B07
B*0726,B07
B*0727,Unclassified
B*0728,Unclassified
B*0729,Unclassified
B*0730,B07
B*0731,B07
B*0732,Unclassified
B*0733,B07
B*0734,B07
B*0735,B07
B*0736,B07
B*0737,B07
B*0738,Unclassified
B*0739,B07
B*0740,B07
B*0741,B07
B*0742,B07
B*0743,B07
B*0801,B08
B*0802,B08
B*0803,B08
B*0804,Unclassified
B*0805,Unclassified
B*0806,Unclassified
B*0807,B08
B*0808,B08
B*0809,B08
B*0810,Unclassified
B*0811,B08
B*0812,B08
B*0813,B08
B*0814,Unclassified
B*0815,B08
B*0816,B08
B*0817,Unclassified
B*0818,B08
B*0819,B08
B*0820,B08
B*0821,B08
B*0822,B08
B*0823,B08
B*0824,B08
B*0825,B08
B*1301,Unclassified
B*1302,Unclassified
B*1303,Unclassified
B*1304,Unclassified
B*1306,Unclassified
B*1307,Unclassified
B*1308,Unclassified
B*1309,B62
B*1310,Unclassified
B*1311,Unclassified
B*1312,Unclassified
B*1313,B62
B*1401,B27
B*1402,B27
B*1403,B27
B*1404,Unclassified
B*1405,B27
B*1406,B27
B*1407,B27
B*1501,B62
B*1502,B62
B*1503,B27
B*1504,B62
B*1505,B62
B*1506,Unclassified
B*1507,B62
B*1508,B07
B*1509,B27
B*1510,B27
B*1511,Unclassified
B*1512,B62
B*1513,B62
B*1514,B62
B*1515,B62
B*1516,B58
B*1517,B58
B*1518,B27
B*1519,B62
B*1520,B62
B*1521,Unclassified
B*1523,B27
B*1524,B62
B*1525,B62
B*1527,Unclassified
B*1528,B62
B*1529,Unclassified
B*1530,B62
B*1531,B62
B*1532,Unclassified
B*1533,B62
B*1534,B62
B*1535,B62
B*1536,Unclassified
B*1537,B27
B*1538,B62
B*1539,B62
B*1540,B62
B*1542,B62
B*1543,Unclassified
B*1544,Unclassified
B*1545,B62
B*1546,B44
B*1547,B27
B*1548,B62
B*1549,B27
B*1550,B62
B*1551,B27
B*1552,B27
B*1553,B44
B*1554,B27
B*1555,B62
B*1556,Unclassified
B*1557,Unclassified
B*1558,B62
B*1560,B62
B*1561,B27
B*1562,B27
B*1563,B62
B*1564,Unclassified
B*1565,B62
B*1566,Unclassified
B*1567,B58
B*1568,B27
B*1569,B27
B*1570,B62
B*1571,Unclassified
B*1572,B27
B*1573,B62
B*1574,B27
B*1575,B62
B*1576,Unclassified
B*1577,Unclassified
B*1578,B62
B*1580,B27
B*1581,B62
B*1582,B62
B*1583,B62
B*1584,Unclassified
B*1585,B62
B*1586,B62
B*1587,Unclassified
B*1588,B62
B*1589,Unclassified
B*1590,B27
B*1591,B27
B*1592,B62
B*1593,B27
B*1595,B58
B*1596,B62
B*1597,B62
B*1598,B27
B*1599,B27
B*1801,B44
B*1802,B44
B*1803,B44
B*1804,Unclassified
B*1805,B44
B*1806,B44
B*1807,Unclassified
B*1808,Unclassified
B*1809,Unclassified
B*1810,B44
B*1811,B44
B*1812,Unclassified
B*1813,B44
B*1814,B44
B*1815,B44
B*1818,Unclassified
B*1819,B44
B*1820,B44
B*2701,B27
B*2702,B27
B*2703,B27
B*2704,B27
B*2705,B27
B*2706,B27
B*2707,B27
B*2708,Unclassified
B*2709,B27
B*2710,B27
B*2711,B27
B*2712,Unclassified
B*2713,B27
B*2714,B27
B*2715,B27
B*2716,Unclassified
B*2717,B27
B*2718,Unclassified
B*2719,B27
B*2720,B27
B*2721,B27
B*2723,Unclassified
B*2724,B27
B*2725,B27
B*2726,Unclassified
B*2727,B27
B*2728,B27
B*2729,Unclassified
B*2730,B27
B*3501,B07
B*3502,B07
B*3503,B07
B*3504,B07
B*3505,B07
B*3506,B07
B*3507,B07
B*3508,B07
B*3509,B07
B*3510,Unclassified
B*3511,B07
B*3512,B07
B*3513,Unclassified
B*3514,B07
B*3515,B07
B*3516,Unclassified
B*3517,B07
B*3518,B07
B*3519,Unclassified
B*3520,Unclassified
B*3521,B07
B*3522,B07
B*3523,Unclassified
B*3524,B07
B*3525,Unclassified
B*3526,B27
B*3527,Unclassified
B*3528,B62
B*3529,B07
B*3530,B07
B*3531,B07
B*3532,B07
B*3533,B07
B*3534,B07
B*3535,B07
B*3536,B07
B*3537,B07
B*3538,B07
B*3539,B07
B*3540,B07
B*3541,B07
B*3542,B07
B*3543,B07
B*3544,B07
B*3545,B07
B*3546,B07
B*3547,Unclassified
B*3548,Unclassified
B*3549,Unclassified
B*3550,Unclassified
B*3551,B07
B*3552,Unclassified
B*3553,B07
B*3554,B07
B*3555,B07
B*3556,Unclassified
B*3557,B07
B*3558,B07
B*3560,B07
B*3561,B07
B*3701,B44
B*3702,Unclassified
B*3704,B44
B*3705,Unclassified
B*3706,Unclassified
B*3707,Unclassified
B*3708,Unclassified
B*3709,Unclassified
B*3801,B27
B*3802,Unclassified
B*3803,Unclassified
B*3804,Unclassified
B*3805,B27
B*3806,B07
B*3807,B07
B*3808,Unclassified
B*3809,B27
B*3810,B27
B*3811,B27
B*3901,B27
B*3902,B27
B*3903,B27
B*3904,B27
B*3905,B27
B*3906,B27
B*3907,B27
B*3908,B27
B*3909,B27
B*3910,B07
B*3911,B27
B*3912,Unclassified
B*3913,B27
B*3914,B27
B*3915,B27
B*3916,B07
B*3917,B07
B*3918,B27
B*3919,Unclassified
B*3920,Unclassified
B*3922,Unclassified
B*3923,B27
B*3924,B27
B*3926,B27
B*3927,B27
B*3928,B27
B*3929,B27
B*3930,B27
B*3931,Unclassified
B*3932,B27
B*3933,B27
B*3934,B27
B*4001,B44
B*4002,B44
B*4003,B44
B*4004,B44
B*4005,B44
B*4006,B44
B*4007,Unclassified
B*4008,Unclassified
B*4009,B44
B*4010,B44
B*4011,B44
B*4012,B27
B*4013,Unclassified
B*4014,B44
B*4015,B44
B*4016,B44
B*4018,B44
B*4019,B44
B*4020,B44
B*4021,B62
B*4023,B44
B*4024,B44
B*4025,Unclassified
B*4026,B44
B*4027,Unclassified
B*4028,B44
B*4029,B44
B*4030,B44
B*4033,B44
B*4034,B44
B*4035,B44
B*4036,B44
B*4037,Unclassified
B*4038,B44
B*4039,B44
B*4040,B44
B*4042,B44
B*4043,B44
B*4044,B44
B*4045,B44
B*4046,Unclassified
B*4047,B44
B*4048,B44
B*4049,B44
B*4050,B44
B*4051,B44
B*4052,B44
B*4053,B44
B*4054,B44
B*4055,B44
B*4056,B44
B*4057,B44
B*4058,B44
B*4059,B44
B*4060,Unclassified
B*4061,Unclassified
B*4101,B44
B*4102,B44
B*4103,B44
B*4104,B44
B*4105,Unclassified
B*4106,B44
B*4107,B44
B*4201,B07
B*4202,Unclassified
B*4204,B07
B*4205,B07
B*4206,B07
B*4402,B44
B*4403,B44
B*4404,B44
B*4405,B44
B*4406,B07
B*4407,B44
B*4408,B62
B*4409,Unclassified
B*4410,Unclassified
B*4411,Unclassified
B*4412,Unclassified
B*4413,B44
B*4414,B44
B*4415,Unclassified
B*4416,B44
B*4417,Unclassified
B*4418,Unclassified
B*4420,B44
B*4421,B44
B*4422,B44
B*4424,B44
B*4425,B44
B*4426,B44
B*4427,B44
B*4428,B44
B*4429,B44
B*4430,B44
B*4431,B44
B*4432,B44
B*4433,B44
B*4434,B44
B*4435,B44
B*4436,B44
B*4437,B44
B*4438,B44
B*4439,B44
B*4440,B27
B*4441,B44
B*4442,B44
B*4501,B44
B*4502,B44
B*4503,B44
B*4504,B44
B*4505,B44
B*4506,Unclassified
B*4507,B44
B*4601,B62
B*4602,B62
B*4603,B62
B*4604,B62
B*4605,B62
B*4701,Unclassified
B*4702,Unclassified
B*4703,Unclassified
B*4704,B44
B*4705,B44
B*4801,B27
B*4802,B27
B*4803,B27
B*4804,B27
B*4805,B27
B*4806,Unclassified
B*4807,B27
B*4808,B27
B*4809,B27
B*4810,B27
B*4811,B27
B*4812,B27
B*4813,B27
B*4901,Unclassified
B*4902,Unclassified
B*4903,Unclassified
B*4904,B44
B*5001,B44
B*5002,B44
B*5004,B44
B*5101,B07
B*5102,B07
B*5103,B07
B*5104,B07
B*5105,B07
B*5106,B07
B*5107,Unclassified
B*5108,B07
B*5109,B07
B*5110,B07
B*5111,B07
B*5112,B07
B*5113,B07
B*5114,B07
B*5115,Unclassified
B*5116,B07
B*5117,B07
B*5118,B07
B*5119,B07
B*5120,B07
B*5121,B07
B*5122,Unclassified
B*5123,B07
B*5124,B07
B*5126,B07
B*5128,B07
B*5129,B07
B*5130,B07
B*5131,B07
B*5132,B07
B*5133,B07
B*5134,B07
B*5135,B07
B*5136,B07
B*5137,B07
B*5138,B07
B*5201,B62
B*5202,B62
B*5203,B62
B*5204,B62
B*5205,B62
B*5206,Unclassified
B*5207,B62
B*5208,B62
B*5301,B07
B*5302,B07
B*5303,Unclassified
B*5304,B07
B*5305,Unclassified
B*5306,B07
B*5307,Unclassified
B*5308,B07
B*5309,Unclassified
B*5310,B07
B*5401,B07
B*5402,Unclassified
B*5403,B07
B*5404,B07
B*5405,Unclassified
B*5406,B07
B*5407,B07
B*5501,B07
B*5502,B07
B*5503,B07
B*5504,B07
B*5505,B07
B*5507,B07
B*5508,B07
B*5509,B07
B*5510,B07
B*5511,B07
B*5512,Unclassified
B*5513,B07
B*5514,B07
B*5515,B07
B*5516,Unclassified
B*5517,B07
B*5518,B27
B*5519,B07
B*5601,B07
B*5602,B07
B*5603,B07
B*5604,B07
B*5605,B07
B*5606,Unclassified
B*5607,Unclassified
B*5608,Unclassified
B*5609,B07
B*5610,B07
B*5611,B07
B*5612,B07
B*5613,B07
B*5614,Unclassified
B*5615,B07
B*5616,B07
B*5701,B58
B*5702,B58
B*5703,B58
B*5704,B58
B*5705,B58
B*5706,B58
B*5707,B58
B*5708,B58
B*5709,B58
B*5801,B58
B*5802,B58
B*5804,B58
B*5805,B58
B*5806,B58
B*5807,B58
B*5808,B58
B*5809,B58
B*5811,B58
B*5901,Unclassified
B*6701,B07
B*6702,Unclassified
B*7301,B27
B*7801,B07
B*7802,B07
B*7803,Unclassified
B*7804,B07
B*7805,B62
B*8101,B07
B*8102,B07
B*8201,Unclassified
B*8202,Unclassified
B*8301,Unclassified
B*9501,Unclassified
B*9502,B62
B*9503,B27
B*9504,B62
,
