Peptide,Immunogenicity
AAAGFVFTA,Positive
AAGIGIIQI,Positive
AAGIGILTV,Positive
AALGFVFAA,Positive
AALGFVFTA,Positive
AFHHMAREL,Positive
AFHHVAREL,Positive
AIISGDSPV,Positive
AILALLPAL,Positive
AILGFVFTA,Positive
AILGFVFTL,Positive
AIMDKNIIL,Positive
ALADAVKVT,Positive
ALAYGIDKV,Positive
ALCRWGLLL,Positive
ALGLGLLPV,Positive
ALGRNSFEV,Positive
ALHVVVIGL,Positive
ALIHHNTHL,Positive
ALINDQLIM,Positive
ALLKHRFEI,Positive
ALLNIKVKL,Positive
ALLVLYSFA,Positive
ALMDKSLHV,Positive
ALMEQQHYV,Positive
ALMPLYACI,Positive
ALNTPKDHI,Positive
ALPHIIDEV,Positive
ALQDSGLEV,Positive
ALQPGTALL,Positive
ALSDHHIYL,Positive
ALSKFPRQL,Positive
ALSSGLYQC,Positive
ALSTGLIHL,Positive
ALSVMGVYV,Positive
ALVNAVNKL,Positive
ALVNFLRHL,Positive
ALVRCIPTL,Positive
ALWGFFPVL,Positive
ALYDVVSTL,Positive
AMSTTDLEA,Positive
ATTNILEHV,Positive
AVAGAAILV,Positive
AVGIGIAVV,Positive
CINGVCWTV,Positive
CLAAGITYV,Positive
CLFKDWEEL,Positive
CLGGLITMV,Positive
CLGGLLTMV,Positive
CLQNALDIL,Positive
CLTSTVQLV,Positive
CQWGRLWQL,Positive
CVNGSCFTV,Positive
CVNGVCWTV,Positive
DLIFGLNAL,Positive
DLMGYIPLV,Positive
DMWEHAFYL,Positive
EILGFVFTL,Positive
ELVSEFSRM,Positive
ELVSEFSRV,Positive
EVKEKHEFL,Positive
FAFRDLCIV,Positive
FANHKFTLV,Positive
FANYKFTLV,Positive
FIAGLIAIV,Positive
FIDSYICQV,Positive
FIFDALAEV,Positive
FILGIIITV,Positive
FIYAGSLSA,Positive
FLAEDLNTV,Positive
FLAKLNNTV,Positive
FLALIICNA,Positive
FLDEFMEGV,Positive
FLDPRPLTV,Positive
FLDQVPFSV,Positive
FLEESHPGI,Positive
FLEPGPVTA,Positive
FLFLRNFSL,Positive
FLGGTPVCL,Positive
FLIVSLCPT,Positive
FLKDVMESM,Positive
FLKEPVHGV,Positive
FLLIRYITT,Positive
FLLLADARV,Positive
FLLSLGIHL,Positive
FLLTRILTI,Positive
FLMDRHIIV,Positive
FLNISWFYI,Positive
FLNQTDETL,Positive
FLPATLTMV,Positive
FLQMNSLRV,Positive
FLSFASLFL,Positive
FLSLMSLSI,Positive
FLTSVINRV,Positive
FLVDAIVRV,Positive
FLVSQLFTF,Positive
FLWGPRALV,Positive
FLWGPRAYA,Positive
FLYDDNQRV,Positive
FLYGALLLA,Positive
FLYRLFSIL,Positive
FMPKVNFEV,Positive
FMVELVEGA,Positive
FMVFLQTHI,Positive
FMYMSLLGV,Positive
FMYSDFHFI,Positive
FQWDSNTQL,Positive
FVDYNFTIV,Positive
FVFLRNFSL,Positive
FVFYQLFVV,Positive
FVWLHYYSV,Positive
GAGIGVAVL,Positive
GAGIGVLTA,Positive
GALGFVFTL,Positive
GELGFVFTL,Positive
GFLGFVFTL,Positive
GGLGFVFTL,Positive
GIAGFVFTL,Positive
GIAGGLALL,Positive
GIGGFVFTL,Positive
GIGIGVLAA,Positive
GIKGFVFTL,Positive
GILGFVFAL,Positive
GILGFVFTA,Positive
GILGFVFTK,Positive
GILGFVFTL,Positive
GILGFVFTM,Positive
GILGFVFTV,Positive
GILGKVFTL,Positive
GILKFVFTL,Positive
GIMGFVFTL,Positive
GITFQVWDV,Positive
GIVGFVFTL,Positive
GKLGFVFTL,Positive
GLADTVVAC,Positive
GLCTLVAML,Positive
GLDCARLEI,Positive
GLDSYVRSL,Positive
GLDTYVRSL,Positive
GLDVLTAKV,Positive
GLFDFVNFV,Positive
GLHCYEQLV,Positive
GLIEKNIEL,Positive
GLIMVLSFL,Positive
GLIQLVEGV,Positive
GLISLILQI,Positive
GLKAGVIAV,Positive
GLLGFVFTL,Positive
GLLGNVSTV,Positive
GLLGTLVQL,Positive
GLLHHAPSL,Positive
GLMKYIGEV,Positive
GLNDYLHSV,Positive
GLPVEYLQV,Positive
GLQDCTMLV,Positive
GLSGGTPSK,Positive
GLSRYVARL,Positive
GLSRYVPRL,Positive
GLVGLVTFL,Positive
GLYDGMEHL,Positive
GMFNMLSTV,Positive
GMGPSLIGL,Positive
GMLGFVFTL,Positive
GMSRIGMEV,Positive
GQLGFVFTL,Positive
GQTEPIAFV,Positive
GTLGFVFTL,Positive
GTLGIVCPI,Positive
GVALQTMKQ,Positive
GVLGFVFTL,Positive
GVPVDPSRV,Positive
HACWPAFTV,Positive
HIFYQLANV,Positive
HILLGVFML,Positive
HLGNVKYLV,Positive
HLSLRGLFV,Positive
HLSTAFARV,Positive
HLYQGCQVV,Positive
HMTEVVRHC,Positive
HMWNFISGI,Positive
HMWNFITGI,Positive
HMYFTFFDV,Positive
HVDGKILFV,Positive
IAGIGILAI,Positive
IISAVVGIL,Positive
ILAGYGAGV,Positive
ILAKFLHWL,Positive
ILALVQEKI,Positive
ILARNLVPM,Positive
ILDDIGHGV,Positive
ILDDNLYKV,Positive
ILDEERDKV,Positive
ILDQVPFSV,Positive
ILDSFDPLV,Positive
ILGFVFTLT,Positive
ILHEPVHGV,Positive
ILHNGAYSL,Positive
ILIEHLYGL,Positive
ILKEPVHGV,Positive
ILKSPVHGV,Positive
ILLEPVHGV,Positive
ILLGSLSDL,Positive
ILLNKHIDA,Positive
ILLRDAGLV,Positive
ILPDPLKPT,Positive
ILPSKSLEV,Positive
ILQDMRNTI,Positive
ILSDENYLL,Positive
ILSLELMKL,Positive
ILSPFLPLL,Positive
ILTVILGVL,Positive
IMDQVPFSV,Positive
IMELATAGI,Positive
IMIGHLVGV,Positive
IMIGVLVGV,Positive
IMLCLIAAV,Positive
IMMGVLVGV,Positive
IMNDMPIYM,Positive
IMSSFEFQV,Positive
IMTSYQYLI,Positive
IMVLSFLFL,Positive
ITDQVPFSV,Positive
ITDQVPGSV,Positive
KASEKIFYV,Positive
KIDYYIPYV,Positive
KIFGSLAFL,Positive
KILGFVFTL,Positive
KILSVFFLA,Positive
KIMDQVQQA,Positive
KLAGGVAVI,Positive
KLAGGVAVL,Positive
KLDVGNAEV,Positive
KLEDENPWL,Positive
KLEDLERDL,Positive
KLGEFYNQM,Positive
KLGGYVSFV,Positive
KLIANNTRV,Positive
KLLGQINLV,Positive
KLLMVLMLA,Positive
KLLPEGYWV,Positive
KLLRYYTEI,Positive
KLMLDIHTV,Positive
KLMPNITLL,Positive
KLQDCTMLV,Positive
KLQELNYNL,Positive
KLQEQQSDL,Positive
KLSEQESLL,Positive
KLTEAITAA,Positive
KLTPLCVTL,Positive
KLTSCNTSV,Positive
KLTSLCNTV,Positive
KLVANNTRL,Positive
KLWCRHFCV,Positive
KLWESPQEI,Positive
KMSSAVGFV,Positive
KMVELVHFL,Positive
KTLPLCVTL,Positive
KTWGQYWQV,Positive
KVAEIVHFL,Positive
KVAELVHFL,Positive
KVAELVWFL,Positive
KVDDTFYYV,Positive
KVINYLVML,Positive
KVLEYVIKV,Positive
KVSPYLFNV,Positive
LAALPHSCL,Positive
LAARAIVAI,Positive
LAGIGLIAA,Positive
LALLLLDRL,Positive
LIEDFDIYV,Positive
LIFGHLPRV,Positive
LITGRLQSL,Positive
LIVIGILIL,Positive
LKLSGVVRL,Positive
LLCLIFLLV,Positive
LLCPAGHAV,Positive
LLCPSGHVV,Positive
LLCPTGHAV,Positive
LLDAHIPQL,Positive
LLDDEAGPL,Positive
LLDPRVRGL,Positive
LLDRFLATV,Positive
LLDVPTAAV,Positive
LLFGYPVYV,Positive
LLFLLLADA,Positive
LLGATCMFV,Positive
LLGNCLPTV,Positive
LLGRNSFEV,Positive
LLGTFTWTL,Positive
LLHTDFEQV,Positive
LLIDPTSGL,Positive
LLLAARAIV,Positive
LLLCLIFLL,Positive
LLLDRLNQL,Positive
LLLGPLGPL,Positive
LLLLTVLTV,Positive
LLMDCSGSI,Positive
LLMGTLGIV,Positive
LLNATDIAV,Positive
LLNCAVTKL,Positive
LLNQLQVNL,Positive
LLPRRGPRL,Positive
LLQAEAPRL,Positive
LLSAWILTA,Positive
LLTEVETPI,Positive
LLWAARPRL,Positive
LLWKGEGAV,Positive
LLWSYAMGV,Positive
LLWTLVVLL,Positive
LMDALKLSI,Positive
LMIGTAAAV,Positive
LMIIPLINV,Positive
LMNGQQIFL,Positive
LMVLMLAAL,Positive
LMWAKIGPV,Positive
LMWDNVGLV,Positive
LMWYELSKI,Positive
LMYDIINSV,Positive
LQLPQGTTL,Positive
LQTTIHDII,Positive
LTAGFLIFL,Positive
LVCGKDGVK,Positive
LVHFLLLKY,Positive
LVMAQLLRI,Positive
LVQENYLEY,Positive
LVVADLSFI,Positive
LVVLGLLAV,Positive
MIAVFLPIV,Positive
MINAYLDKL,Positive
MLDLQPETT,Positive
MLGTHTMEV,Positive
MLLALLYCL,Positive
MLLAVLYCL,Positive
MLNIPSINV,Positive
MLTNSCVKL,Positive
MLWGWREHV,Positive
MMLVPLITV,Positive
MTYAAPLFV,Positive
NAHQILPKV,Positive
NLLKVNIHI,Positive
NLMEQPIKV,Positive
NLNDNAIHL,Positive
NLQSLTNLL,Positive
NLTISDVSV,Positive
NLVPMVATV,Positive
NLWNGIVPT,Positive
NMFTPYIGV,Positive
NMLSTVLGV,Positive
PLDGEYFTL,Positive
PLEEELPRL,Positive
PLKQHFQIV,Positive
QAGIGILLA,Positive
QLSLLMWIT,Positive
RIAECILGM,Positive
RIFAELEGV,Positive
RILGAVAKV,Positive
RLAEYQAYI,Positive
RLCCQLDPA,Positive
RLDSYVRSL,Positive
RLGRNSFEV,Positive
RLIDFLKDV,Positive
RLIGHISTL,Positive
RLLDRLVRL,Positive
RLLQETELV,Positive
RLLQTGIHV,Positive
RLMKQDFSV,Positive
RLMRTNFLI,Positive
RLNEVAKNL,Positive
RLNMFTPYI,Positive
RLNQLESKV,Positive
RLPLVLPAV,Positive
RLPRIFCSC,Positive
RLQGISPKI,Positive
RLSSCVPVA,Positive
RLTRFLSRV,Positive
RLVDDFLLV,Positive
RLVNGSLAL,Positive
RLVTLKDIV,Positive
RLWHYPCTA,Positive
RLWHYPCTF,Positive
RLWHYPCTI,Positive
RLWHYPCTL,Positive
RLWHYPCTV,Positive
RLYDYFTRV,Positive
RMFPNAPYL,Positive
RMPEAAPPV,Positive
RTLDKVLEV,Positive
RVIEVLQRA,Positive
RVYEALYYV,Positive
SILEGIANV,Positive
SILLRDAGL,Positive
SITEVECFL,Positive
SLDDYNHLV,Positive
SLDQSVVEL,Positive
SLEENIVIL,Positive
SLENFRAYV,Positive
SLFNTIATL,Positive
SLFNTVATL,Positive
SLFPGKLEV,Positive
SLGGLLTMV,Positive
SLGSPVLGL,Positive
SLLLELEEV,Positive
SLLMWITQA,Positive
SLLMWITQC,Positive
SLLMWITQS,Positive
SLLMWITQV,Positive
SLLQHLIGL,Positive
SLLSEFCRV,Positive
SLMAFTAAV,Positive
SLMAFTASI,Positive
SLNQTVHSL,Positive
SLQALKVTV,Positive
SLQPEDFAL,Positive
SLQPEDFAT,Positive
SLRAEDTAV,Positive
SLREWLLRI,Positive
SLSAYIIRV,Positive
SLSEKTVLL,Positive
SLSKILDTV,Positive
SLSRFSWGA,Positive
SLVIVTTFV,Positive
SLYADSPSV,Positive
SLYFGGICV,Positive
SLYITVATL,Positive
SLYITVAVL,Positive
SLYKGVYEL,Positive
SLYNAVATL,Positive
SLYNTIATL,Positive
SLYNTIAVL,Positive
SLYNTVATL,Positive
SLYNTVAVL,Positive
SMAGSSAMI,Positive
SMHFYGWSL,Positive
SMIEAESSV,Positive
SMMWMRFFV,Positive
SMNATLVQA,Positive
SMVGNWAKV,Positive
SPEKHHCTV,Positive
SSKALQRPV,Positive
STAPPAHGV,Positive
STAPPVHNV,Positive
STPPPGTRV,Positive
SVASTITGV,Positive
SVFRENLFL,Positive
SVRDRLARL,Positive
SVYDFFVWL,Positive
TILLGIFFL,Positive
TIMAFRWVT,Positive
TINPQVSKT,Positive
TLDSQVMSL,Positive
TLEEFSAKL,Positive
TLFIGSHVV,Positive
TLFLQMNSL,Positive
TLGIVCPIC,Positive
TLHEYMLDL,Positive
TLLANVTAV,Positive
TLLNNCTRV,Positive
TLLNVIKSV,Positive
TLLVYLFSL,Positive
TLNAWVKVV,Positive
TLNDLETDV,Positive
TLTSCNTSV,Positive
TLVCGKDGV,Positive
TLWVDPYEV,Positive
TLYLQMNSL,Positive
TMYGGISLL,Positive
VCTEGKSKL,Positive
VDGIGILTI,Positive
VILGVLLLI,Positive
VIYQTMDDL,Positive
VIYQYMDDL,Positive
VLAELVKQI,Positive
VLAGLLGNV,Positive
VLAGVGFFI,Positive
VLCLRPVGA,Positive
VLDDLSMYL,Positive
VLDGLDVLL,Positive
VLEETSVML,Positive
VLFSSDFRI,Positive
VLGPISGHV,Positive
VLHDDLLEA,Positive
VLHKRTLGL,Positive
VLLCESTAV,Positive
VLLDYQGML,Positive
VLLPSLFLL,Positive
VLPDVFIRC,Positive
VLPFDIKKL,Positive
VLPHETRLL,Positive
VLQAGFFLL,Positive
VLQELNVTV,Positive
VLQWASLAV,Positive
VLSDFKTWL,Positive
VLVGGVLAA,Positive
VLVKSPNHV,Positive
VLYDEFVTI,Positive
VMACLVPAA,Positive
VVFLHVTYV,Positive
VVLGVVFGI,Positive
VVQELLWFL,Positive
WLDQVPFSV,Positive
WLGNHGFEV,Positive
WLNEVEFKL,Positive
WLQYFPNPV,Positive
WLSDCGEAL,Positive
WLSLLVPFV,Positive
WMNRLIAFA,Positive
YAIDLPVSV,Positive
YIGEVLVSV,Positive
YIGSGDSPV,Positive
YIIIGDSPV,Positive
YIILGDSPV,Positive
YIISGDLPV,Positive
YIISGDSPL,Positive
YIISGDSWV,Positive
YIISGISPV,Positive
YILEETSVM,Positive
YIYGIPLSL,Positive
YLAGAATMV,Positive
YLCLRPVGA,Positive
YLDKVRATV,Positive
YLDPAQQNL,Positive
YLDQVPFSV,Positive
YLEPGPVTA,Positive
YLEPGPVTI,Positive
YLEPGPVTL,Positive
YLEPGPVTV,Positive
YLFKDWEEL,Positive
YLFSLVVLV,Positive
YLGEVIVSV,Positive
YLGEVLVSV,Positive
YLHDPEFNL,Positive
YLHKRTLGL,Positive
YLIELIDRV,Positive
YLIKLIEPV,Positive
YLISGDSPV,Positive
YLISIFLHL,Positive
YLKEPVHGV,Positive
YLKKIKNSL,Positive
YLKKIQNSL,Positive
YLLDGLRAQ,Positive
YLLDRGADI,Positive
YLLEMLWRL,Positive
YLMDTSGKV,Positive
YLNKIQNSL,Positive
YLPEVISTI,Positive
YLQQNWWTL,Positive
YLSGANLNL,Positive
YLVAYQATV,Positive
YLVSIFLHL,Positive
YLVTRHADV,Positive
YMDDVVLGA,Positive
YMDGTMSQV,Positive
YMLAHVTGL,Positive
YMLDLQPET,Positive
YMNGTMSQV,Positive
YSSPTLQSV,Positive
YVDPVITSI,Positive
YVNAILYQI,Positive
AAPTPAAPA,Negative
AIIGLCAYA,Negative
AIMEKNIML,Negative
AIYHPQQFV,Negative
ALAIPQCRL,Negative
ALATFTVNI,Negative
ALDPYNEVV,Negative
ALFFFDIDL,Negative
ALIIIRSLL,Negative
ALKMTMASV,Negative
ALLSDWLPA,Negative
ALLSRFFNM,Negative
ALMAITKNV,Negative
ALMRRIAVV,Negative
ALSLAAVLV,Negative
ALSPVPPVV,Negative
ALSTGLIHI,Negative
ALVALVITI,Negative
ALVGACITL,Negative
ALVLLMLPV,Negative
ALWIPDLFM,Negative
AMFTAALNI,Negative
AMFTTMYNI,Negative
AMKADIQHV,Negative
AMLQDMAIL,Negative
AMLQLDPNA,Negative
AMTAFFGEL,Negative
AVLVVMACL,Negative
CLLQSLQQI,Negative
DLVPLTVSV,Negative
ETDDYMFFV,Negative
FAAELTIGV,Negative
FAGKDFDTV,Negative
FANSKFTLV,Negative
FAVQTIVFI,Negative
FIADIGIGV,Negative
FIDILLFVI,Negative
FIDSNEYEV,Negative
FIDTVSVYT,Negative
FIHGGILYA,Negative
FIIEVSNCV,Negative
FIISVISLV,Negative
FILHRLHEI,Negative
FILIFNIIV,Negative
FISSFLLPL,Negative
FIVVATAAV,Negative
FIYLLFASM,Negative
FIYSIMETI,Negative
FLARLHAAA,Negative
FLAVLSPTI,Negative
FLGAAGSTM,Negative
FLGARSPSL,Negative
FLGGGGAGI,Negative
FLHNYILYA,Negative
FLHYCNSYA,Negative
FLICHNLRA,Negative
FLIDLAFLI,Negative
FLIPKGFYA,Negative
FLISVIVLV,Negative
FLKDVMVEI,Negative
FLLLTSIPI,Negative
FLLPDAQSI,Negative
FLLPLTSLV,Negative
FLLRSIIVA,Negative
FLLSHDAAL,Negative
FLPATLTMT,Negative
FLRYLLFGI,Negative
FLSNVGHYV,Negative
FLSRLVLYA,Negative
FLSYISDTV,Negative
FLTGTFVTA,Negative
FLVIAINAM,Negative
FLWHVRKRV,Negative
FLYNVYPGA,Negative
FMKAVCVEV,Negative
FMMVLPGAA,Negative
FMYFCEQKL,Negative
FMYIESIKV,Negative
FQQPQFQYL,Negative
FTGITLFLL,Negative
FTLIDIWFL,Negative
FTLNHVLAL,Negative
FTLVAPVSI,Negative
FTNSQIFNI,Negative
FTSAVLLLV,Negative
FTSSFYNYV,Negative
FVARVFLGL,Negative
FVDFVIHGL,Negative
FVDTMSIYI,Negative
FVFILTAIL,Negative
FVFRSPFIV,Negative
FVFSTSFYL,Negative
FVILYLLAV,Negative
FVVALIPLV,Negative
GFLTSMFPK,Negative
GIFCFRILL,Negative
GIGILTVIL,Negative
GILAFVFTL,Negative
GILGAVFTL,Negative
GILGFAFTL,Negative
GILGFKFTL,Negative
GILGFVATL,Negative
GILGFVFKL,Negative
GILGFVKTL,Negative
GILTVILGV,Negative
GIRPYEILA,Negative
GLADAFILL,Negative
GLDDLMSGL,Negative
GLFIYIPGT,Negative
GLFLTTEAV,Negative
GLHCDFACL,Negative
GLIACLIFV,Negative
GLIIISIFL,Negative
GLILFVLAL,Negative
GLLDRLYDL,Negative
GLLGWSPQA,Negative
GLMTAVYLV,Negative
GLPDSLPSL,Negative
GLTSAVIDA,Negative
GLVDFVKHI,Negative
GLVRLNAFL,Negative
GLYGAQYDV,Negative
GLYLSQIAV,Negative
GLYPGLIWL,Negative
GLYRQWALA,Negative
GLYYLTTEV,Negative
GMANTTFHV,Negative
GMGWLTIGI,Negative
GTDGFPFKL,Negative
GTYAVNIHV,Negative
HLIFSYAFL,Negative
HLIKIPLLI,Negative
HLMFYTLPI,Negative
HLSLRGLPV,Negative
HTICDDYFV,Negative
IIAIVFVFI,Negative
IILFILFFA,Negative
IILNGSLLT,Negative
IILVAIAVV,Negative
IIMAINVFT,Negative
IISCTCPTV,Negative
IISLWDQSL,Negative
IISTFHLSI,Negative
IISYIILFI,Negative
ILAADLEKL,Negative
ILAIIFLVL,Negative
ILDPKTGLV,Negative
ILDSFDPLR,Negative
ILFDGHDLL,Negative
ILFEPVHGV,Negative
ILFIMFMLI,Negative
ILFTFLHLA,Negative
ILGADPLRV,Negative
ILKEYVHGV,Negative
ILLPWFVDL,Negative
ILLSIARVV,Negative
ILMYPTTLL,Negative
ILPVIFLSI,Negative
ILQYDLWNV,Negative
ILSCIFAFI,Negative
ILSDDMLNI,Negative
ILSPFMPLL,Negative
ILSPLTKGI,Negative
ILTAILFFM,Negative
ILTLDIFYL,Negative
ILVCYILYI,Negative
ILVGYMSNL,Negative
ILWEPVHGV,Negative
ILYAAFLWL,Negative
ILYDNVVTL,Negative
ILYEPVHGV,Negative
ILYFIAFAL,Negative
IMEYHLLFA,Negative
IMFMLIFNV,Negative
IMFTCMDPL,Negative
IMYTYFSNT,Negative
ITNGYLISI,Negative
IVFVFILTA,Negative
IVQENNGAV,Negative
KIDSTSFSV,Negative
KINIFMAFL,Negative
KLFTDNNFL,Negative
KLFTHDIML,Negative
KLFYVYYNL,Negative
KLGNLLLLI,Negative
KLHLYSHPI,Negative
KLIGITAIM,Negative
KLITFLFVI,Negative
KLLKMVTSV,Negative
KLLLWFNYL,Negative
KLLWFLTGT,Negative
KLQAAPYIV,Negative
KLSCAVHLI,Negative
KLSDGVAVL,Negative
KLVSISNFI,Negative
KLWGLVDFV,Negative
KLYCSYEVA,Negative
KLYIALCKV,Negative
KLYLVDYGL,Negative
KLYTIVSTL,Negative
KMHDVIAPA,Negative
KMMLFYMDL,Negative
KMNIQFTAV,Negative
KMSVRETLV,Negative
KTLLSLALV,Negative
KTMAVTYEL,Negative
KVLSIMAFI,Negative
KVVSLVILA,Negative
KVYDKLFPV,Negative
LAALFMYYA,Negative
LAAVLVVMA,Negative
LIAGIILLI,Negative
LIALSVLAV,Negative
LIGDDVDSV,Negative
LILSLTCSV,Negative
LIMFEQYFI,Negative
LIMIYFFII,Negative
LIMYSVIGV,Negative
LIPETVPYI,Negative
LIQEIVHEV,Negative
LISIFLHLV,Negative
LITGRLAAL,Negative
LIVGIIFTA,Negative
LIVRYLIQV,Negative
LLAFTNPTV,Negative
LLAQFTSAI,Negative
LLARNSFEV,Negative
LLATLTMTV,Negative
LLDLFGPEV,Negative
LLFFLALSI,Negative
LLFILFYFA,Negative
LLFRFMRPL,Negative
LLGANSFEV,Negative
LLGLWGTAA,Negative
LLGRASFEV,Negative
LLGRDSFEV,Negative
LLGRNAFEV,Negative
LLGRNSAEV,Negative
LLGRNSFAV,Negative
LLGRRSFEV,Negative
LLIHFLLSL,Negative
LLILSCIFA,Negative
LLLCGVSLV,Negative
LLLDYMTST,Negative
LLLEVEQEI,Negative
LLLFHETGV,Negative
LLLGLWGTA,Negative
LLLIALWNL,Negative
LLLIVTPVV,Negative
LLLNCLWSV,Negative
LLLWPLYVL,Negative
LLMMTLPSI,Negative
LLMTSLQYA,Negative
LLNATAIAV,Negative
LLNLLLWPL,Negative
LLNPCLINV,Negative
LLPENNVLS,Negative
LLPLGYPFV,Negative
LLQYWSQEL,Negative
LLSEFCRVL,Negative
LLSEIRFYI,Negative
LLSLALVGA,Negative
LLSLFSTLV,Negative
LLSLLVIWI,Negative
LLSQYLSRV,Negative
LLTEVETYV,Negative
LLVAPMPTA,Negative
LLVDLLWLL,Negative
LLVEPCARV,Negative
LLVQRVTSV,Negative
LLWFHISCL,Negative
LLWQDPVPA,Negative
LLYAHINAL,Negative
LLYILRYIV,Negative
LLYPTAVDL,Negative
LMDCIMFDA,Negative
LMDMITLSL,Negative
LMDSIFVST,Negative
LMIEYNLLT,Negative
LMIFISSFL,Negative
LMLPGMNGI,Negative
LMNNAFEWI,Negative
LMSTLLIYL,Negative
LTLDEQIFV,Negative
LTVILGVLL,Negative
LTYSQLMTL,Negative
LVITINYFL,Negative
LVYVNGVVV,Negative
MACLVPAAT,Negative
MALIGDSTV,Negative
MALLRLPLV,Negative
MAWGGSYIA,Negative
MIANALDAV,Negative
MIFISSFLL,Negative
MIYGLIACL,Negative
MLASTLTDA,Negative
MLDDFSAGA,Negative
MLGNAPSVV,Negative
MLLALVALV,Negative
MLLHVGIPL,Negative
MLLNVQTLI,Negative
MLMEVFPQL,Negative
MLMFIFTGI,Negative
MLNGIMYRL,Negative
MLQDMAILT,Negative
MMIDDFGTA,Negative
MMKTYIEFV,Negative
MMSCSSEAT,Negative
MMWYWGPSL,Negative
MQLIYDSSL,Negative
MTFGDIPLV,Negative
MTSCVSEQL,Negative
MVNTVLITV,Negative
NIAEGLRAL,Negative
NIAEYIAGL,Negative
NILQKIEKI,Negative
NISGYNFSL,Negative
NISTILYFT,Negative
NLATSIYTI,Negative
NLDDVYSYI,Negative
NLDLFMSHV,Negative
NLDTSPFFV,Negative
NLFDIPLLT,Negative
NLFPYLVSA,Negative
NLFTFLHEI,Negative
NLGKVIDTL,Negative
NLLLWPLYV,Negative
NLNESLIDL,Negative
NMISDTIFV,Negative
NMQTVKLFV,Negative
NVFKYLTSV,Negative
NVIGLIVIL,Negative
NVLLYNRLL,Negative
PLLPIFFCL,Negative
PLSSSVPSQ,Negative
QIFEVYWYL,Negative
QIITLTAFV,Negative
QLAGYILTV,Negative
QLDHGVLLV,Negative
QLDPARDVL,Negative
QLFHLCLII,Negative
QLFKYVPSA,Negative
QLSDVIDRL,Negative
QLTPHTKAV,Negative
QLVWENFLA,Negative
QLWPEEIGV,Negative
QMLLALARL,Negative
QMWQARLTV,Negative
RALSLAAVL,Negative
RIEENLEGV,Negative
RILPYTFKI,Negative
RLFDFNKQA,Negative
RLFSYNFTT,Negative
RLGATIWQL,Negative
RLHLWLSDM,Negative
RLIQNSLTI,Negative
RLLDDTPEV,Negative
RLLGTFTWT,Negative
RLLSPTTIV,Negative
RLMIGTAAA,Negative
RLNDFLGLL,Negative
RLNKRSYLI,Negative
RLRDLNQAV,Negative
RLVDFFPDI,Negative
RLVSGLVGA,Negative
RLYDLTRYA,Negative
RMAWGGSYI,Negative
RMFAANLGV,Negative
RMILYLESV,Negative
RMPAVTDLV,Negative
RMQFSSFTV,Negative
RQIFIHYSV,Negative
RVFTSAVLL,Negative
SIFGFQAEV,Negative
SIHVTVSNV,Negative
SIMAFILGI,Negative
SIVCIVAAV,Negative
SIYECITFL,Negative
SLAGFVRML,Negative
SLALVGACI,Negative
SLDVINYLI,Negative
SLFSLLLVI,Negative
SLHVGTQCA,Negative
SLIYYQNEV,Negative
SLLEIGEGV,Negative
SLLPATLTV,Negative
SLLYLILFL,Negative
SLSLHPLYV,Negative
SLSVVRPMT,Negative
SLVENNFFT,Negative
SLVRLVYIL,Negative
SLVYVNGVV,Negative
SLYAVSPSV,Negative
SMDTLLFFL,Negative
SMIGLCACV,Negative
SMLGIWFFT,Negative
SMSSYDFST,Negative
SQYYFSMLV,Negative
SSVVNNVAR,Negative
STSFYLISI,Negative
SVIFYFISI,Negative
TIIALLFAL,Negative
TLAPFNFLV,Negative
TLARDIVLV,Negative
TLFLLFLEI,Negative
TLGLSAMST,Negative
TLIDIWFLA,Negative
TLLGLILFV,Negative
TLLVDLLWL,Negative
TLLYATVEV,Negative
TLLYPLFNL,Negative
TLSNVEVFM,Negative
TLSSPSPSA,Negative
TLTEDFFVV,Negative
TLVIPSWHV,Negative
TLYDFDYYI,Negative
TMLSIILVI,Negative
TMWCLTLFV,Negative
TTAEEAAGI,Negative
TVILGVLLL,Negative
TVLRFVPPL,Negative
TVQEFIFSA,Negative
VIDEILFKV,Negative
VIGDQYVKV,Negative
VIHDYICWL,Negative
VISVIFYFI,Negative
VIVIYIFTV,Negative
VLADANETL,Negative
VLALYSPPL,Negative
VLDTTLYAV,Negative
VLGGCRHKL,Negative
VLGRLDQKL,Negative
VLIAGIILL,Negative
VLIALSVLA,Negative
VLKAAGVPV,Negative
VLKDAIKDL,Negative
VLLLDVTPL,Negative
VLLLVVVMM,Negative
VLLVSLGAI,Negative
VLMTETRNL,Negative
VLSPLPSQA,Negative
VLVVMACLV,Negative
VLYPVIFIT,Negative
VMKLFTISV,Negative
VMMSCSSEA,Negative
VMYAFTTPL,Negative
WAFSAIGNV,Negative
WIIKNSWTA,Negative
WIVQENNGA,Negative
WLGAAITLV,Negative
WLGETFHGL,Negative
WLIGFDFDV,Negative
WLLIDTSNA,Negative
WLLSVLAAV,Negative
WLTSILLSL,Negative
WLWYIKIFI,Negative
WMMAMKYPI,Negative
YATVEVPSL,Negative
YAYGWIPET,Negative
YFLEILWRL,Negative
YIIDWMVDI,Negative
YIIKNTFNV,Negative
YIIRVTTEL,Negative
YILCNMALL,Negative
YILYIVFCI,Negative
YINRALAQI,Negative
YIWIKNLET,Negative
YIYYFFIRL,Negative
YLAKLTALV,Negative
YLCCQLDPA,Negative
YLCTFMIIT,Negative
YLDFLLLLL,Negative
YLDLALMSV,Negative
YLFGGFSTL,Negative
YLFNAIETM,Negative
YLFRIVSTV,Negative
YLGGCRHKL,Negative
YLGPRVCWL,Negative
YLILFLLFV,Negative
YLIPAVTSL,Negative
YLKEYIPKA,Negative
YLKIGTLLV,Negative
YLLALRYLA,Negative
YLLAVCGCI,Negative
YLLCCNYKL,Negative
YLLDDVLYT,Negative
YLLFGIKCI,Negative
YLLGDSDSV,Negative
YLLPGFVLT,Negative
YLMDEEVPA,Negative
YLMDELRYV,Negative
YLMDKLNLT,Negative
YLMKDKLNI,Negative
YLMPYSVYI,Negative
YLNMSRLFV,Negative
YLRLYIILA,Negative
YLSAKITTL,Negative
YLSEGDMAA,Negative
YLSIYGFGV,Negative
YLSKCTLAV,Negative
YLSSWTPVV,Negative
YLTAIQDFI,Negative
YLTVFTVYL,Negative
YLVSFGVWI,Negative
YLVSSLSEI,Negative
YLYALYSPL,Negative
YLYQPCDLL,Negative
YLYVHSPAL,Negative
YMFFVIKNL,Negative
YMMGIEYGL,Negative
YMNYYTTYI,Negative
YQLAGYILT,Negative
YQLFVVFGL,Negative
YQSFLFWFL,Negative
YQYVRLHEM,Negative
YTALHYYYL,Negative
YTFLYNFWT,Negative
YTIERIFNA,Negative
YTINCLLYI,Negative
YTQDELINV,Negative
YTYAFTKKV,Negative
YTYKWETFL,Negative
YVHGDTYSL,Negative
YVLLAVLFV,Negative
YVLLHLLVV,Negative
YVMTMILFL,Negative
YVPGYSITT,Negative
