Peptide,Immunogenicity,MHC
ANDPIFVVL,Positive,Cw8
SNDGPTLI,Positive,Cw8
VSNDGPTLI,Positive,Cw8
EGDCAPEEK,Positive,Cw7
PLADLSPFA,Positive,Cw7
YRPRPRRY,Positive,Cw6
FRSGLDSYV,Positive,Cw6
ARGPESRLL,Positive,Cw6
SAYGEPRKL,Positive,Cw3
LAMPFATPM,Positive,Cw3
SAFPTTINF,Positive,Cw2
ISGGPRISY,Positive,Cw16
AARAVFLAL,Positive,Cw*1601
SAYGEPRKL,Positive,Cw*1601
VRIGHLYIL,Positive,Cw*0702
VYPEYVIQY,Positive,Cw*0702
YRPRPRRY,Positive,Cw*0601
SACDVSVRVV,Positive,Cw*0501
YTDFVGEGL,Positive,Cw*0501
VGLIRNLAL,Positive,B8
PASKKTDPQK,Positive,B8
GFKQSSKAL,Positive,B8
APLLRWVL,Positive,B8
ELLIRKLPF,Positive,B8
RVRFFFPSL,Positive,B7
APRGVRMAV,Positive,B7
SPSSNRIRNT,Positive,B7
LPRWPPPQL,Positive,B7
SSPGCQPPA,Positive,B7
RPHVPESAF,Positive,B7
QRPYGYDQIM,Positive,B7
SPQNSIRHNL,Positive,B7
AEALQRPV,Positive,B61
AEALQRPVA,Positive,B61
ITKKVADLVGF,Positive,B57
CTACRWKKACQR,Positive,B55
DPARYEFLW,Positive,B53
WQYFFPVIF,Positive,B52
YQLCLTNIF,Positive,B52
QQITKTEV,Positive,B52
MPFATPMEA,Positive,B51
MEVDPIGHLY,Positive,B44
SELFRSGLDSY,Positive,B44
KELEGILLL,Positive,B44
AELVHFLLL,Positive,B40
LHHAFVDSIF,Positive,B38
SHETVIIEL,Positive,B38
REPVTKAEML,Positive,B37
SESLKMIF,Positive,B37
LPSSADVEF,Positive,B35
TPRLPSSADVEF,Positive,B35
VVVGAVGVG,Positive,B35
LPAVVGLSPGEQEY,Positive,B35
MPFATPMEA,Positive,B35
LPHSSSHWL,Positive,B35
EAAGIGILTV,Positive,B35
ILTVILGVL,Positive,B35
LVDVMPWLQY,Positive,B35
MEVDPIGHLY,Positive,B18
MTQGQHFLQKV,Positive,B13
QGQHFLQKV,Positive,B13
VPYGSFKHV,Positive,B*5101
SQKTYQGSY,Positive,B*4601
AEEAAGIGIL,Positive,B*4501
AEEAAGIGILT,Positive,B*4501
MEVDPIGHLY,Positive,B*4403
SESIKKKVL,Positive,B*4403
SEIWRDID,Positive,B*4403
SEIWRDIDF,Positive,B*4403
AEPINIQTW,Positive,B*4403
EEKLIVVAF,Positive,B*4403
MEIFIEVFSHF,Positive,B*4403
MEVDPIGHLY,Positive,B*4402
SEIWRDID,Positive,B*4402
SEIWRDIDF,Positive,B*4402
EEKLIVVLF,Positive,B*4402
ADVEFCLSL,Positive,B*4002
SADVEFCLSL,Positive,B*4002
REPVTKAEML,Positive,B*3701
LPSSADVEF,Positive,B*3503
FPSDSWCYF,Positive,B*3503
EADPTGHSY,Positive,B*3501
EVDPIGHLY,Positive,B*3501
EVDPIGHVY,Positive,B*3501
LPSSADVEF,Positive,B*3501
VPLDCVLYRY,Positive,B*3501
MPIEPGDIGC,Positive,B*3501
RQKRILVNL,Positive,B*1507
YQLCLTNIF,Positive,B*1501
RQKRILVNL,Positive,B*1501
IPQQHTQVL,Positive,B*0702
SPRWWPTCL,Positive,B*0702
ETVSEQSNV,Positive,A68
ELVRRILSR,Positive,A68
HTMEVTVYHR,Positive,A68
EYRGFTQDF,Positive,A42
ILEQSGEWWK,Positive,A33
IQNLERGYR,Positive,A33
VIQNLERGYR,Positive,A33
QLPVEEPNP,Positive,A33
RSRRVLYPR,Positive,A33
VLYPRVVRR,Positive,A33
RTKQLYPEW,Positive,A32
YSWMDISCWI,Positive,A31
LAAQERRVPR,Positive,A31
ILEQSGEWWK,Positive,A31
IQNLERGYR,Positive,A31
VIQNLERGYR,Positive,A31
HLFGYSWYK,Positive,A3
SLFRAVITK,Positive,A3
NTYASPRFK,Positive,A3
ALLAVGATK,Positive,A3
ALNFPGSQK,Positive,A3
IALNFPGSQK,Positive,A3
LIYRRRLMK,Positive,A3
SLIYRRRLMK,Positive,A3
AIDELKECF,Positive,A3
KLLMVLMLA,Positive,A3
PLLENVISK,Positive,A3
TINPQVSKT,Positive,A3
TTNAIDELK,Positive,A3
QVHPQKVT,Positive,A3
KILDAVVAQK,Positive,A3
TLDWLLQTPK,Positive,A3
KIFSEVTLK,Positive,A3
GLASFKSFLK,Positive,A3
YYWPRPRRY,Positive,A29
EVYDGREHSA,Positive,A28
EAFIQPITR,Positive,A28
QCSGNFMGF,Positive,A26
RWGLLLALL,Positive,A24
QYSWFVNGTF,Positive,A24
NYKHCFPEI,Positive,A24
IMPKAGLLI,Positive,A24
VAELVHFLL,Positive,A24
AFLPWHRLF,Positive,A24
AFLPWHRLFL,Positive,A24
LYVDSLFFL,Positive,A24
SYLDSGIHF,Positive,A24
AYEQLLSRL,Positive,A24
EYRALQLHL,Positive,A24
AYGLDFYIL,Positive,A24
LYSDPADYF,Positive,A24
NYARTEDFF,Positive,A24
EYRGFTQDF,Positive,A24
RYQLDPKFI,Positive,A24
VYFFLPDHL,Positive,A24
LYSACFWWL,Positive,A24
EYLSLSDKI,Positive,A24
EYSKECLKEF,Positive,A24
NYNNFYRFL,Positive,A24
NSQPVWLCL,Positive,A24
KTPFVSPLL,Positive,A24
KYDCFLHPF,Positive,A24
KYVGIEREM,Positive,A24
GFRTVIRPF,Positive,A24
GYCASLFAIL,Positive,A24
RAVSEHQLL,Positive,A24
RYLTQETNKV,Positive,A24
DYVREHKDNI,Positive,A24
MFNNCEVVL,Positive,A24
NYDANKTGL,Positive,A24
TFEDHFLSL,Positive,A24
EYILSLEEL,Positive,A24
RLVDDFLLV,Positive,A2
ITDQVPFSV,Positive,A2
VLYRYGSFSV,Positive,A2
LLLGTIHAL,Positive,A2
RVAALARDA,Positive,A2
ELTLGEFLKL,Positive,A2
FLKLDRERA,Positive,A2
TLPPAWQPFL,Positive,A2
IMIGVLVGV,Positive,A2
CQWGRLWQL,Positive,A2
MCQWGRLWQL,Positive,A2
SVYDFFVWL,Positive,A2
TLDSQVMSL,Positive,A2
WLPFGFILI,Positive,A2
KVLEYVIKV,Positive,A2
RALAETSYV,Positive,A2
KMVELVHFL,Positive,A2
YLQLVFGIEV,Positive,A2
IMPKAGLLIIV,Positive,A2
KVAELVHFL,Positive,A2
QLVFGIELMEV,Positive,A2
GVYDGREHTV,Positive,A2
ALSVMGVYV,Positive,A2
GLYDGMEHL,Positive,A2
FLWGPRAYA,Positive,A2
ALKDVEERV,Positive,A2
LLFGLALIEV,Positive,A2
KTCPVQLWV,Positive,A2
LLGRNSFEV,Positive,A2
RMPEAAPPV,Positive,A2
YQGSYGFRL,Positive,A2
ALLAGLVSL,Positive,A2
AMVGAVLTA,Positive,A2
CLLWSFQTSA,Positive,A2
FLLRWEQEI,Positive,A2
LLAGLVSLL,Positive,A2
MLLAVLYCL,Positive,A2
VLTALLAGL,Positive,A2
ALYVDSLFFL,Positive,A2
SLLQHLIGL,Positive,A2
SLYSFPEPEA,Positive,A2
VLDGLDVLL,Positive,A2
FIASNGVKLV,Positive,A2
ACDPHSGHFV,Positive,A2
KACDPHSGHFV,Positive,A2
SLFEGIDIYT,Positive,A2
FLDEFMEGV,Positive,A2
SVASTITGV,Positive,A2
GVALQTMKQ,Positive,A2
LLGNCLPTV,Positive,A2
SLQALKVTV,Positive,A2
KVHPVIWSL,Positive,A2
LMLQNALTTM,Positive,A2
HLSTAFARV,Positive,A2
ILAKFLHWL,Positive,A2
VLPDVFIRC,Positive,A2
VLPDVFIRCV,Positive,A2
RLASFYDWPL,Positive,A2
SLGSPVLGL,Positive,A2
QLSLLMWIT,Positive,A2
QLSLLMWITQCFL,Positive,A2
SLLMWITQC,Positive,A2
SLLMWITQCFL,Positive,A2
LKLSGVVRL,Positive,A2
PLPPARNGGL,Positive,A2
YMDGTMSQV,Positive,A2
LLQAEAPRL,Positive,A2
RLAEYQAYI,Positive,A2
AWISKPPGV,Positive,A2
SAWISKPPGV,Positive,A2
RMFPNAPYL,Positive,A2
GLKAGVIAV,Positive,A2
AMLGTHTMEV,Positive,A2
AVIGALLAV,Positive,A2
FLRNQPLTFA,Positive,A2
HLAVIGALL,Positive,A2
IMPGQEAGL,Positive,A2
KTWGQYWQV,Positive,A2
LLDGTATLRL,Positive,A2
LMAVVLASL,Positive,A2
MLGTHTMEV,Positive,A2
RLMKQDFSV,Positive,A2
RLPRIFCSC,Positive,A2
SLADTNSLA,Positive,A2
SLADTNSLAV,Positive,A2
TDQVPFSV,Positive,A2
YLAEADLSYT,Positive,A2
YLEPGPVTA,Positive,A2
FLNQTDETL,Positive,A2
KLLMVLMLA,Positive,A2
LIYDSSLCDL,Positive,A2
LMVLMLAAL,Positive,A2
FLALIICNA,Positive,A2
TILLGIFFL,Positive,A2
ALMDKSLHV,Positive,A2
GIGILTVIL,Positive,A2
GILTVILGV,Positive,A2
ILTVILGVL,Positive,A2
IMLCLIAAV,Positive,A2
FLTPKKLQCV,Positive,A2
VISNDVCAQV,Positive,A2
LLLDDLLVSI,Positive,A2
MLAVISCAV,Positive,A2
SLSKILDTV,Positive,A2
VLHWDPETV,Positive,A2
VLFYLGQYI,Positive,A2
YTMKEVLFYL,Positive,A2
GLPPDVQRV,Positive,A2
ALWPWLLMA,Positive,A2
ALWPWLLMAT,Positive,A2
KMDAEHPEL,Positive,A2
MIAVFLPIV,Positive,A2
RLSSCVPVA,Positive,A2
RIAAWMATYL,Positive,A2
VLVSRIAAWM,Positive,A2
YLNDHLEPWI,Positive,A2
ALGGHPLLGV,Positive,A2
TMNGSKSPV,Positive,A2
LAALPHSCL,Positive,A2
FMVELVEGA,Positive,A2
KLSEQESLL,Positive,A2
MLTNSCVKL,Positive,A2
RIAECILGM,Positive,A2
FLLFSLGWV,Positive,A2
KLLGPHVEGL,Positive,A2
ILPRKHHRI,Positive,A2
LLQDWHVIL,Positive,A2
LIADFLSGL,Positive,A2
LLLLARWEDT,Positive,A2
RLQEWCSVI,Positive,A2
ALVEFEDVL,Positive,A2
CLYGNVEKV,Positive,A2
FMFGQKLNV,Positive,A2
NVLHFFNAPL,Positive,A2
ASLDSDPWV,Positive,A2
ILGELREKV,Positive,A2
MLPLECQYL,Positive,A2
TLLRKERGV,Positive,A2
IIYDRKFLM,Positive,A2
RIIYDRKFL,Positive,A2
DLLSHAFFA,Positive,A2
GLLFLHTRT,Positive,A2
QILKGLLFL,Positive,A2
QQLCVYWTV,Positive,A2
PLFDFSWLSL,Positive,A2
WLSLKTLLSL,Positive,A2
AVLPLLELV,Positive,A2
LLLGIGILV,Positive,A2
GLQHWVPEL,Positive,A2
NLFETPVEA,Positive,A2
RLLAALCGA,Positive,A2
HVDGFIANV,Positive,A2
RLPERMTTL,Positive,A2
ALPPPLMLL,Positive,A2
DLIFGLNAL,Positive,A2
LLLGPLGPL,Positive,A2
KIMDQVQQA,Positive,A2
RLQEDPPAGV,Positive,A2
KLDVGNAEV,Positive,A2
FLYDDNQRV,Positive,A2
ALMEQQHYV,Positive,A2
YLMDTSGKV,Positive,A2
ILDDIGHGV,Positive,A2
LLDRFLATV,Positive,A2
RLYPWGVVEV,Positive,A2
KLQELNYNL,Positive,A2
QLQGYCASL,Positive,A2
RIDITLSSV,Positive,A2
KTPPNPKHA,Positive,A2
QEAPDVVAFV,Positive,A2
KLAKPLSSL,Positive,A2
VLLGMEGSV,Positive,A2
FAWERVRGL,Positive,A2
GLGLPKLYL,Positive,A2
LMAGCIQEA,Positive,A2
FLHHLIAEI,Positive,A2
QLLHDKGKSI,Positive,A2
ALLTYMIAHI,Positive,A2
LMALPPCHAL,Positive,A2
MVYDLYKTL,Positive,A2
RLDFNLIRV,Positive,A2
IGGGMAFT,Positive,A2
FLRNFSLML,Positive,A2
FVFLRNFSL,Positive,A2
KLFGTSGQKT,Positive,A2
YLNTVQPTCV,Positive,A2
FVGEFFTDV,Positive,A2
LLYKLADLI,Positive,A2
ATTNILEHV,Positive,A2
NIALWMTEYL,Positive,A2
YLNRHLHTWI,Positive,A2
YLSGADLNL,Positive,A2
ELFQDLSQL,Positive,A2
YTCPLCRAPV,Positive,A2
ESLFRAVITK,Positive,A11
TTINYTLWR,Positive,A11
ELNEALELK,Positive,A11
VSHSFPHPLY,Positive,A11
AVCPWTWLR,Positive,A11
ATQIPSYKK,Positive,A11
ILEQSGEWWK,Positive,A11
IQNLERGYR,Positive,A11
VIQNLERGYR,Positive,A11
KQSSKALQR,Positive,A11
DSDPDSFQDY,Positive,A1
VYDFFVWLHY,Positive,A1
EADPTGHSY,Positive,A1
EVDPIGHLY,Positive,A1
KCDICTDEY,Positive,A1
SSDYVIPIGTY,Positive,A1
ILDTAGREEY,Positive,A1
FLEGNEVGKTY,Positive,A1
RSDSGQQARY,Positive,A1
HSTNGVTRIY,Positive,A1
DAEKSDICTDEY,Positive,A1
ILDSSEEDK,Positive,A1
LVDVMPWLQY,Positive,A1
VTEPGTAQY,Positive,A1
YVDFREYEYY,Positive,A1
QSLEIISRY,Positive,A1
EADPIGHLY,Positive,A1
EVDPASNTY,Positive,A1
AAGIGILTV,Positive,A*6901
YMIMVKCWMI,Positive,A*6802
ATVGIMIGV,Positive,A*6802
IMIGVLVGV,Positive,A*6802
YLWWVNNQSL,Positive,A*6802
LVFGIEVVEV,Positive,A*6802
FLWGPRALV,Positive,A*6802
KVAELVHFL,Positive,A*6802
LVFGIELMEV,Positive,A*6802
QLVFGIELMEV,Positive,A*6802
EVYDGREHSA,Positive,A*6801
ETIPLTAEKL,Positive,A*6801
EVISCKLIKR,Positive,A*6801
MVKISGGPR,Positive,A*3402
WATLPLLCAR,Positive,A*3303
LLGPGRPYR,Positive,A*3301
KVFRGNKVK,Positive,A*3301
GAAPLILSR,Positive,A*3301
GIHKQKEKSR,Positive,A*3301
YLPFRNCPR,Positive,A*3301
EVISCKLIKR,Positive,A*3301
LLGPGRPYR,Positive,A*3101
ASGPGGGAPR,Positive,A*3101
KVFRGNKVK,Positive,A*3101
GAAPLILSR,Positive,A*3101
GIHKQKEKSR,Positive,A*3101
YLPFRNCPR,Positive,A*3101
ATLPLLCAR,Positive,A*3101
KGSGKMKTE,Positive,A*2601
NIGDEALIGRW,Positive,A*25
TYLPTNASL,Positive,A*2402
AYVPQQAWI,Positive,A*2402
LYAWEPSFL,Positive,A*2402
NYSVRYRPGL,Positive,A*2402
VYSDADIFL,Positive,A*2402
TYACFVSNL,Positive,A*2402
EYLQLVFGI,Positive,A*2402
TFPDLESEF,Positive,A*2402
NYKRCFPVI,Positive,A*2402
AIYKQSQHM,Positive,A*2402
TYSPALNKMF,Positive,A*2402
LYATVIHDI,Positive,A*2402
AYTKKAPQL,Positive,A*2402
EYSRRHPQL,Positive,A*2402
EYYLQNAFL,Positive,A*2402
KYIQESQAL,Positive,A*2402
RSCGLFQKL,Positive,A*2402
AFLRHAAL,Positive,A*2402
DYPSLSATDI,Positive,A*2402
DFMIQGGDF,Positive,A*2402
KFHRVIKDF,Positive,A*2402
VYAETKHFL,Positive,A*2402
VYGFVRACL,Positive,A*2402
AYDFLYNYL,Positive,A*2402
DYSARWNEI,Positive,A*2402
SYTRLFLIL,Positive,A*2402
AYIDFEMKI,Positive,A*2402
VYDYNCHVDL,Positive,A*2402
CMTWNQMNL,Positive,A*2402
RWPSCQKKF,Positive,A*2402
EYCLKFTKL,Positive,A*2402
GFDCANESVL,Positive,A*2402
LYQAVATI,Positive,A*2402
AYRPVSRNI,Positive,A*2402
DYYVGKKNI,Positive,A*2402
KAQVSNEDCL,Positive,A*2402
DYLRSVLEDF,Positive,A*2402
HYTNASDGL,Positive,A*2402
TFDYLRSVL,Positive,A*2402
AYAQHVFRSF,Positive,A*2402
QFQSIYAKF,Positive,A*2402
QFQSIYAKFF,Positive,A*2402
GYDQIMPKK,Positive,A*2402
YYIMFGPDI,Positive,A*2402
VFLPCDSWNL,Positive,A*2402
KYLKLSSSEL,Positive,A*2402
SYRNEIAYL,Positive,A*2402
RYCNLEGPPI,Positive,A*2402
KTVNELQNL,Positive,A*2402
SFAYTLNFIL,Positive,A*2402
SFKHSFAYTL,Positive,A*2402
KTLTSVFQK,Positive,A*1101
KTLTSVFQKK,Positive,A*1101
HLFGYSWYK,Positive,A*1101
STAPPAHGV,Positive,A*1101
KVFRGNKVK,Positive,A*1101
ALNFPGSQK,Positive,A*1101
GAAPLILSR,Positive,A*1101
GIHKQKEKSR,Positive,A*1101
YLPFRNCPR,Positive,A*1101
ASNASSAAK,Positive,A*1101
CILGKLFTK,Positive,A*11
CILGKLFTKK,Positive,A*11
VVGACGVGK,Positive,A*0302
KQSSKALQR,Positive,A*0302
VLRENTSPK,Positive,A*0301
KINKNPKYK,Positive,A*0301
KLFGVLRLK,Positive,A*0301
KQSSKALQR,Positive,A*0301
KLYEEPLLK,Positive,A*0301
CVDDSQDYYV,Positive,A*0210
FLWGPRALV,Positive,A*0209
AAGIGILTV,Positive,A*0209
EAAGIGILTV,Positive,A*0209
FLWGPRALV,Positive,A*0207
ALLMAGLAL,Positive,A*0207
CVDDSQDYYV,Positive,A*0207
LLALLMAGL,Positive,A*0207
LLCYSCKAQV,Positive,A*0207
VLLALLMAGL,Positive,A*0207
NLVRDDGSAV,Positive,A*0207
RLFAFVRFT,Positive,A*0207
VVQNFAKEFV,Positive,A*0207
CLTSTVQLV,Positive,A*0206
KIFGSLAFL,Positive,A*0206
YMIMVKCWMI,Positive,A*0206
ATVGIMIGV,Positive,A*0206
IMIGVLVGV,Positive,A*0206
YLWWVNNQSL,Positive,A*0206
KASEYLQLV,Positive,A*0206
LVFGIEVVEV,Positive,A*0206
YLQLVFGIEV,Positive,A*0206
FLWGPRALV,Positive,A*0206
IMPKAGLLIIV,Positive,A*0206
KIWEELSVL,Positive,A*0206
KVAELVHFL,Positive,A*0206
LVFGIELMEV,Positive,A*0206
QLVFGIELMEV,Positive,A*0206
CQLAKTCPV,Positive,A*0206
AAGIGILTV,Positive,A*0206
EAAGIGILTV,Positive,A*0206
ALLMAGLAL,Positive,A*0206
CVDDSQDYYV,Positive,A*0206
LLALLMAGL,Positive,A*0206
LLCYSCKAQV,Positive,A*0206
VLLALLMAGL,Positive,A*0206
AAGIGILTV,Positive,A*0205
EAAGIGILTV,Positive,A*0205
AAGIGILTV,Positive,A*0204
EAAGIGILTV,Positive,A*0204
CLTSTVQLV,Positive,A*0203
HLYQGCQVV,Positive,A*0203
ILHNGAYSL,Positive,A*0203
KIFGSLAFL,Positive,A*0203
VMAGVGSPYV,Positive,A*0203
YMIMVKCWMI,Positive,A*0203
ATVGIMIGV,Positive,A*0203
IMIGVLVGV,Positive,A*0203
YLSGANLNL,Positive,A*0203
YLWWVNNQSL,Positive,A*0203
KASEYLQLV,Positive,A*0203
LVFGIEVVEV,Positive,A*0203
YLQLVFGIEV,Positive,A*0203
FLWGPRALV,Positive,A*0203
IMPKAGLLIIV,Positive,A*0203
KVAELVHFL,Positive,A*0203
LVFGIELMEV,Positive,A*0203
QLVFGIELMEV,Positive,A*0203
CQLAKTCPV,Positive,A*0203
LLCYSCKAQV,Positive,A*0203
CLTSTVQLV,Positive,A*0202
HLYQGCQVV,Positive,A*0202
ILHNGAYSL,Positive,A*0202
KIFGSLAFL,Positive,A*0202
VMAGVGSPYV,Positive,A*0202
YMIMVKCWMI,Positive,A*0202
ATVGIMIGV,Positive,A*0202
IMIGVLVGV,Positive,A*0202
YLSGANLNL,Positive,A*0202
YLWWVNNQSL,Positive,A*0202
KASEYLQLV,Positive,A*0202
LVFGIEVVEV,Positive,A*0202
YLQLVFGIEV,Positive,A*0202
FLWGPRALV,Positive,A*0202
IMPKAGLLIIV,Positive,A*0202
KIWEELSVL,Positive,A*0202
KVAELVHFL,Positive,A*0202
LVFGIELMEV,Positive,A*0202
QLVFGIELMEV,Positive,A*0202
CQLAKTCPV,Positive,A*0202
AAGIGILTV,Positive,A*0202
EAAGIGILTV,Positive,A*0202
LLCYSCKAQV,Positive,A*0202
IMNDMPIYM,Positive,A*0201
VLAGVGFFI,Positive,A*0201
YVDPVITSI,Positive,A*0201
GLFGDIYLA,Positive,A*0201
GLFGDIYLAI,Positive,A*0201
ILNAMIAKI,Positive,A*0201
ALCRWGLLL,Positive,A*0201
ALIHHNTHL,Positive,A*0201
CLTSTVQLV,Positive,A*0201
ELVSEFSRM,Positive,A*0201
HLYQGCQVV,Positive,A*0201
IISAVVGIL,Positive,A*0201
ILHNGAYSL,Positive,A*0201
ILLVVVLGV,Positive,A*0201
KIFGSLAFL,Positive,A*0201
LIAHNQVRQV,Positive,A*0201
PLQPEQLQV,Positive,A*0201
PLTSIISAV,Positive,A*0201
QLMPYGCLL,Positive,A*0201
RLLQETELV,Positive,A*0201
TLEEITGYL,Positive,A*0201
TLEEITGYLY,Positive,A*0201
VLVKSPNHV,Positive,A*0201
VMAGVGSPYV,Positive,A*0201
VVLGVVFGI,Positive,A*0201
YLVPQQGFFC,Positive,A*0201
YMIMVKCWMI,Positive,A*0201
AYACNTSTL,Positive,A*0201
ATVGIMIGV,Positive,A*0201
GVLVGVALI,Positive,A*0201
YLSGANLNL,Positive,A*0201
YLWWVNNQSL,Positive,A*0201
GLIQLVEGV,Positive,A*0201
HACWPAFTV,Positive,A*0201
ILLRDAGLV,Positive,A*0201
LLRDAGLVKM,Positive,A*0201
NIKMHCEFHA,Positive,A*0201
SILLRDAGL,Positive,A*0201
SILLRDAGLV,Positive,A*0201
VLGEAWRDQV,Positive,A*0201
FVWLHYYSV,Positive,A*0201
SLDDYNHLV,Positive,A*0201
YAIDLPVSV,Positive,A*0201
KASEYLQLV,Positive,A*0201
LVFGIEVVEV,Positive,A*0201
LVHFLLLKY,Positive,A*0201
LVQENYLEY,Positive,A*0201
YLQLVFGIEV,Positive,A*0201
FLWGPRALV,Positive,A*0201
IMPKAGLLIIV,Positive,A*0201
KIWEELSVL,Positive,A*0201
KVAELVHFL,Positive,A*0201
LVFGIELMEV,Positive,A*0201
QLVFGIELMEV,Positive,A*0201
FLAKLNNTV,Positive,A*0201
CQLAKTCPV,Positive,A*0201
GLAPPQHLIRV,Positive,A*0201
STPPPGTRV,Positive,A*0201
FLPWHRLFLL,Positive,A*0201
KLTGDENFTI,Positive,A*0201
YMNGTMSQV,Positive,A*0201
KASEKIFYV,Positive,A*0201
RLQGISPKI,Positive,A*0201
KARDPHSGHFV,Positive,A*0201
FMNKFIYEI,Positive,A*0201
GLSPNLNRFL,Positive,A*0201
MKWVESIFL,Positive,A*0201
NLVKQKPQI,Positive,A*0201
PLFQVPEPV,Positive,A*0201
PVNPGVGQC,Positive,A*0201
TMKQEFLINL,Positive,A*0201
RLASFYDWPL,Positive,A*0201
SLYKFSPFPL,Positive,A*0201
LLLLTVLTV,Positive,A*0201
STAPPAHGV,Positive,A*0201
STAPPVHNV,Positive,A*0201
TLAPATEPA,Positive,A*0201
LLNQLQVNL,Positive,A*0201
MLWGWREHV,Positive,A*0201
LMAQEALAFL,Positive,A*0201
MLMAQEALAFL,Positive,A*0201
FLIIWQNTM,Positive,A*0201
LLSHGAVIEV,Positive,A*0201
LLGATCMFV,Positive,A*0201
RLTRFLSRV,Positive,A*0201
FLDPRPLTV,Positive,A*0201
SLVDVMPWL,Positive,A*0201
WLQYFPNPV,Positive,A*0201
FLYTLLREV,Positive,A*0201
CMHLLLEAV,Positive,A*0201
LLLEAVPAV,Positive,A*0201
RLGPTLMCL,Positive,A*0201
TLHCDCEIL,Positive,A*0201
VLSVNVPDV,Positive,A*0201
WLPKILGEV,Positive,A*0201
VLQELNVTV,Positive,A*0201
AILALLPAL,Positive,A*0201
ALQPGTALL,Positive,A*0201
CVDDSQDYYV,Positive,A*0201
LLCYSCKAQV,Positive,A*0201
VLLALLMAGL,Positive,A*0201
AILALLPALL,Positive,A*0201
ILSLELMKL,Positive,A*0201
SLEENIVIL,Positive,A*0201
ILLWQPIPV,Positive,A*0201
SSKALQRPV,Positive,A*0201
FVEHDLYCTL,Positive,A*0201
FVEHDDESPGL,Positive,A*0201
GVLLWEIFSL,Positive,A*0201
SLAMLDLLHV,Positive,A*0201
ALSPVPPVV,Positive,A*0201
FLTGNQLAV,Positive,A*0201
RLARLALVL,Positive,A*0201
LLLAGLFSL,Positive,A*0201
YLQHNEIQEV,Positive,A*0201
YMEHNNVYTV,Positive,A*0201
ALCNTDSPL,Positive,A*0201
LLAARAIVAI,Positive,A*0201
TLMKKDKYTL,Positive,A*0201
LLRRYNVAKV,Positive,A*0201
GLMKYIGEV,Positive,A*0201
SVAPALALFPA,Positive,A*0201
AKYLMELTM,Positive,A*0201
AKYLMELTML,Positive,A*0201
AGYLMELCC,Positive,A*0201
AGYLMELCM,Positive,A*0201
AGYLMELCMA,Positive,A*0201
AGYLMELCF,Positive,A*0201
QLMAFNHLI,Positive,A*0201
QLCPICRAPV,Positive,A*0201
RLQEERTCKV,Positive,A*0201
VLEPPGARDV,Positive,A*0201
YLLDLSTNHL,Positive,A*0201
LLDVAPLSL,Positive,A*0201
LLLLDVAPL,Positive,A*0201
VVMSWAPPV,Positive,A*0201
SLADEAEVYL,Positive,A*0201
LTDDRLFTCY,Positive,A*0101
YTDFHCQYV,Positive,A*0101
LTYVSFRNL,Positive,A*0101
YTDFHCQYVK,Positive,A*01
